<?xml version="1.0" encoding="utf-8"?>
<Element xmlns:xsi="http://www.w3.org/2001/XMLSchema-instance" xmlns:xsd="http://www.w3.org/2001/XMLSchema" Name="59507" ShortName="Шаблон экрана 1" Tag="59507" TreeObject="АРМ 1">
  <ID TaskNumber="0" ItemID="59507" RawItemID="0" TypeHash="0" Path="" STType="" UIDType="Inner">
    <Owner TaskNumber="0" ItemID="59507" RawItemID="0" TypeHash="0" STType="" UIDType="Inner" />
  </ID>
  <UsedSTTypes>
    <string>LREAL</string>
    <string>HMI.SolidColorType</string>
    <string>HMI.GradientColorType</string>
    <string>HMI.BorderStyleType</string>
    <string>STRING</string>
    <string>HMI.ResourceType</string>
    <string>HMI.TileType</string>
    <string>HMI.SizeType</string>
    <string>HMI.ProportionType</string>
    <string>DINT</string>
  </UsedSTTypes>
  <Parameters>
    <Parameter Name="Ширина" ShortName="59509" Tag="59509" Role="Width" Value="1920">
      <ID TaskNumber="0" ItemID="59509" RawItemID="0" TypeHash="1" Path="" STType="LREAL" UIDType="Inner">
        <Owner TaskNumber="0" ItemID="59507" RawItemID="0" TypeHash="0" Path="" STType="" UIDType="Inner">
          <Owner TaskNumber="0" ItemID="59507" RawItemID="0" TypeHash="0" STType="" UIDType="Inner" />
        </Owner>
      </ID>
      <Parent TaskNumber="0" ItemID="59507" RawItemID="0" TypeHash="0" Path="" STType="" UIDType="Inner">
        <Owner TaskNumber="0" ItemID="59507" RawItemID="0" TypeHash="0" STType="" UIDType="Inner" />
      </Parent>
      <IsValueFromTheme>false</IsValueFromTheme>
      <HasSubTypeName>true</HasSubTypeName>
      <Exclude>false</Exclude>
      <Connections />
      <IsDynamized>false</IsDynamized>
      <ContiniuosUpdate>false</ContiniuosUpdate>
    </Parameter>
    <Parameter Name="Высота" ShortName="59510" Tag="59510" Role="Height" Value="1080">
      <ID TaskNumber="0" ItemID="59510" RawItemID="0" TypeHash="1" Path="" STType="LREAL" UIDType="Inner">
        <Owner TaskNumber="0" ItemID="59507" RawItemID="0" TypeHash="0" Path="" STType="" UIDType="Inner">
          <Owner TaskNumber="0" ItemID="59507" RawItemID="0" TypeHash="0" STType="" UIDType="Inner" />
        </Owner>
      </ID>
      <Parent TaskNumber="0" ItemID="59507" RawItemID="0" TypeHash="0" Path="" STType="" UIDType="Inner">
        <Owner TaskNumber="0" ItemID="59507" RawItemID="0" TypeHash="0" STType="" UIDType="Inner" />
      </Parent>
      <IsValueFromTheme>false</IsValueFromTheme>
      <HasSubTypeName>true</HasSubTypeName>
      <Exclude>false</Exclude>
      <Connections />
      <IsDynamized>false</IsDynamized>
      <ContiniuosUpdate>false</ContiniuosUpdate>
    </Parameter>
    <Parameter Name="Толщина рамки" ShortName="59511" Tag="59511" Role="BorderThickness" Value="1">
      <ID TaskNumber="0" ItemID="59511" RawItemID="0" TypeHash="1" Path="" STType="LREAL" UIDType="Inner">
        <Owner TaskNumber="0" ItemID="59507" RawItemID="0" TypeHash="0" Path="" STType="" UIDType="Inner">
          <Owner TaskNumber="0" ItemID="59507" RawItemID="0" TypeHash="0" STType="" UIDType="Inner" />
        </Owner>
      </ID>
      <Parent TaskNumber="0" ItemID="59507" RawItemID="0" TypeHash="0" Path="" STType="" UIDType="Inner">
        <Owner TaskNumber="0" ItemID="59507" RawItemID="0" TypeHash="0" STType="" UIDType="Inner" />
      </Parent>
      <IsValueFromTheme>false</IsValueFromTheme>
      <HasSubTypeName>true</HasSubTypeName>
      <Exclude>false</Exclude>
      <Connections />
      <IsDynamized>false</IsDynamized>
      <ContiniuosUpdate>false</ContiniuosUpdate>
    </Parameter>
    <Parameter Name="Цвет рамки" ShortName="59512" Tag="59512" Role="BorderColor" Value="rgb(128,128,128)">
      <ID TaskNumber="0" ItemID="59512" RawItemID="0" TypeHash="4" Path="" STType="HMI.SolidColorType" UIDType="Inner">
        <Owner TaskNumber="0" ItemID="59507" RawItemID="0" TypeHash="0" Path="" STType="" UIDType="Inner">
          <Owner TaskNumber="0" ItemID="59507" RawItemID="0" TypeHash="0" STType="" UIDType="Inner" />
        </Owner>
      </ID>
      <Parent TaskNumber="0" ItemID="59507" RawItemID="0" TypeHash="0" Path="" STType="" UIDType="Inner">
        <Owner TaskNumber="0" ItemID="59507" RawItemID="0" TypeHash="0" STType="" UIDType="Inner" />
      </Parent>
      <IsValueFromTheme>false</IsValueFromTheme>
      <HasSubTypeName>true</HasSubTypeName>
      <Exclude>false</Exclude>
      <Connections />
      <IsDynamized>false</IsDynamized>
      <ContiniuosUpdate>false</ContiniuosUpdate>
    </Parameter>
    <Parameter Name="Заливка фона" ShortName="59513" Tag="59513" Role="BackgroundColor" Value="rgb(245,240,245)">
      <ID TaskNumber="0" ItemID="59513" RawItemID="0" TypeHash="4" Path="" STType="HMI.GradientColorType" UIDType="Inner">
        <Owner TaskNumber="0" ItemID="59507" RawItemID="0" TypeHash="0" Path="" STType="" UIDType="Inner">
          <Owner TaskNumber="0" ItemID="59507" RawItemID="0" TypeHash="0" STType="" UIDType="Inner" />
        </Owner>
      </ID>
      <Parent TaskNumber="0" ItemID="59507" RawItemID="0" TypeHash="0" Path="" STType="" UIDType="Inner">
        <Owner TaskNumber="0" ItemID="59507" RawItemID="0" TypeHash="0" STType="" UIDType="Inner" />
      </Parent>
      <IsValueFromTheme>false</IsValueFromTheme>
      <HasSubTypeName>true</HasSubTypeName>
      <Exclude>false</Exclude>
      <Connections />
      <IsDynamized>false</IsDynamized>
      <ContiniuosUpdate>false</ContiniuosUpdate>
    </Parameter>
    <Parameter Name="Прозрачность" ShortName="59514" Tag="59514" Role="Opacity" Value="100">
      <ID TaskNumber="0" ItemID="59514" RawItemID="0" TypeHash="1" Path="" STType="LREAL" UIDType="Inner">
        <Owner TaskNumber="0" ItemID="59507" RawItemID="0" TypeHash="0" Path="" STType="" UIDType="Inner">
          <Owner TaskNumber="0" ItemID="59507" RawItemID="0" TypeHash="0" STType="" UIDType="Inner" />
        </Owner>
      </ID>
      <Parent TaskNumber="0" ItemID="59507" RawItemID="0" TypeHash="0" Path="" STType="" UIDType="Inner">
        <Owner TaskNumber="0" ItemID="59507" RawItemID="0" TypeHash="0" STType="" UIDType="Inner" />
      </Parent>
      <IsValueFromTheme>false</IsValueFromTheme>
      <HasSubTypeName>true</HasSubTypeName>
      <Exclude>false</Exclude>
      <Connections />
      <IsDynamized>false</IsDynamized>
      <ContiniuosUpdate>false</ContiniuosUpdate>
    </Parameter>
    <Parameter Name="Стиль рамки" ShortName="59515" Tag="59515" Role="BorderStyle" Value="0">
      <ID TaskNumber="0" ItemID="59515" RawItemID="0" TypeHash="5" Path="" STType="HMI.BorderStyleType" UIDType="Inner">
        <Owner TaskNumber="0" ItemID="59507" RawItemID="0" TypeHash="0" Path="" STType="" UIDType="Inner">
          <Owner TaskNumber="0" ItemID="59507" RawItemID="0" TypeHash="0" STType="" UIDType="Inner" />
        </Owner>
      </ID>
      <Parent TaskNumber="0" ItemID="59507" RawItemID="0" TypeHash="0" Path="" STType="" UIDType="Inner">
        <Owner TaskNumber="0" ItemID="59507" RawItemID="0" TypeHash="0" STType="" UIDType="Inner" />
      </Parent>
      <IsValueFromTheme>false</IsValueFromTheme>
      <HasSubTypeName>true</HasSubTypeName>
      <Exclude>false</Exclude>
      <Connections />
      <IsDynamized>false</IsDynamized>
      <ContiniuosUpdate>false</ContiniuosUpdate>
    </Parameter>
    <Parameter Name="Всплывающая подсказка" ShortName="59516" Tag="59516" Role="ToolTip" Value="">
      <ID TaskNumber="0" ItemID="59516" RawItemID="0" TypeHash="4" Path="" STType="STRING" UIDType="Inner">
        <Owner TaskNumber="0" ItemID="59507" RawItemID="0" TypeHash="0" Path="" STType="" UIDType="Inner">
          <Owner TaskNumber="0" ItemID="59507" RawItemID="0" TypeHash="0" STType="" UIDType="Inner" />
        </Owner>
      </ID>
      <Parent TaskNumber="0" ItemID="59507" RawItemID="0" TypeHash="0" Path="" STType="" UIDType="Inner">
        <Owner TaskNumber="0" ItemID="59507" RawItemID="0" TypeHash="0" STType="" UIDType="Inner" />
      </Parent>
      <IsValueFromTheme>false</IsValueFromTheme>
      <HasSubTypeName>true</HasSubTypeName>
      <Exclude>false</Exclude>
      <Connections />
      <IsDynamized>false</IsDynamized>
      <ContiniuosUpdate>false</ContiniuosUpdate>
    </Parameter>
    <Parameter Name="Изображение фона" ShortName="59517" Tag="59517" Role="Resource" Value="">
      <ID TaskNumber="0" ItemID="59517" RawItemID="0" TypeHash="4" Path="" STType="HMI.ResourceType" UIDType="Inner">
        <Owner TaskNumber="0" ItemID="59507" RawItemID="0" TypeHash="0" Path="" STType="" UIDType="Inner">
          <Owner TaskNumber="0" ItemID="59507" RawItemID="0" TypeHash="0" STType="" UIDType="Inner" />
        </Owner>
      </ID>
      <Parent TaskNumber="0" ItemID="59507" RawItemID="0" TypeHash="0" Path="" STType="" UIDType="Inner">
        <Owner TaskNumber="0" ItemID="59507" RawItemID="0" TypeHash="0" STType="" UIDType="Inner" />
      </Parent>
      <IsValueFromTheme>false</IsValueFromTheme>
      <HasSubTypeName>true</HasSubTypeName>
      <Exclude>false</Exclude>
      <Connections />
      <IsDynamized>false</IsDynamized>
      <ContiniuosUpdate>false</ContiniuosUpdate>
    </Parameter>
    <Parameter Name="Замостка фона" ShortName="59518" Tag="59518" Role="BackgroundTile" Value="2">
      <ID TaskNumber="0" ItemID="59518" RawItemID="0" TypeHash="5" Path="" STType="HMI.TileType" UIDType="Inner">
        <Owner TaskNumber="0" ItemID="59507" RawItemID="0" TypeHash="0" Path="" STType="" UIDType="Inner">
          <Owner TaskNumber="0" ItemID="59507" RawItemID="0" TypeHash="0" STType="" UIDType="Inner" />
        </Owner>
      </ID>
      <Parent TaskNumber="0" ItemID="59507" RawItemID="0" TypeHash="0" Path="" STType="" UIDType="Inner">
        <Owner TaskNumber="0" ItemID="59507" RawItemID="0" TypeHash="0" STType="" UIDType="Inner" />
      </Parent>
      <IsValueFromTheme>false</IsValueFromTheme>
      <HasSubTypeName>true</HasSubTypeName>
      <Exclude>false</Exclude>
      <Connections />
      <IsDynamized>false</IsDynamized>
      <ContiniuosUpdate>false</ContiniuosUpdate>
    </Parameter>
    <Parameter Name="XType" ShortName="XType" Tag="0" Role="XType" Value="1">
      <ID TaskNumber="0" ItemID="4294967246" RawItemID="0" TypeHash="5" Path="" STType="HMI.SizeType" UIDType="Inner" />
      <IsValueFromTheme>false</IsValueFromTheme>
      <HasSubTypeName>true</HasSubTypeName>
      <Exclude>false</Exclude>
      <IsDynamized>false</IsDynamized>
      <ContiniuosUpdate>false</ContiniuosUpdate>
    </Parameter>
    <Parameter Name="YType" ShortName="YType" Tag="0" Role="YType" Value="1">
      <ID TaskNumber="0" ItemID="4294967245" RawItemID="0" TypeHash="5" Path="" STType="HMI.SizeType" UIDType="Inner" />
      <IsValueFromTheme>false</IsValueFromTheme>
      <HasSubTypeName>true</HasSubTypeName>
      <Exclude>false</Exclude>
      <IsDynamized>false</IsDynamized>
      <ContiniuosUpdate>false</ContiniuosUpdate>
    </Parameter>
    <Parameter Name="ProportionType" ShortName="ProportionType" Tag="0" Role="ProportionType" Value="4">
      <ID TaskNumber="0" ItemID="4294967244" RawItemID="0" TypeHash="5" Path="" STType="HMI.ProportionType" UIDType="Inner" />
      <IsValueFromTheme>false</IsValueFromTheme>
      <HasSubTypeName>true</HasSubTypeName>
      <Exclude>false</Exclude>
      <IsDynamized>false</IsDynamized>
      <ContiniuosUpdate>false</ContiniuosUpdate>
    </Parameter>
    <Parameter Name="WidthType" ShortName="WidthType" Tag="0" Role="WidthType" Value="1">
      <ID TaskNumber="0" ItemID="4294967243" RawItemID="0" TypeHash="5" Path="" STType="HMI.SizeType" UIDType="Inner" />
      <IsValueFromTheme>false</IsValueFromTheme>
      <HasSubTypeName>true</HasSubTypeName>
      <Exclude>false</Exclude>
      <IsDynamized>false</IsDynamized>
      <ContiniuosUpdate>false</ContiniuosUpdate>
    </Parameter>
    <Parameter Name="HeightType" ShortName="HeightType" Tag="0" Role="HeightType" Value="1">
      <ID TaskNumber="0" ItemID="4294967242" RawItemID="0" TypeHash="5" Path="" STType="HMI.SizeType" UIDType="Inner" />
      <IsValueFromTheme>false</IsValueFromTheme>
      <HasSubTypeName>true</HasSubTypeName>
      <Exclude>false</Exclude>
      <IsDynamized>false</IsDynamized>
      <ContiniuosUpdate>false</ContiniuosUpdate>
    </Parameter>
  </Parameters>
  <Elements>
    <Element Name="59520" ShortName="Контейнер стартового окна" Tag="59520" TreeObject="АРМ 1">
      <ID TaskNumber="0" ItemID="59520" RawItemID="0" TypeHash="0" Path="" STType="" UIDType="Inner">
        <Owner TaskNumber="0" ItemID="59520" RawItemID="0" TypeHash="0" STType="" UIDType="Inner" />
      </ID>
      <Parent TaskNumber="0" ItemID="59507" RawItemID="0" TypeHash="0" Path="" STType="" UIDType="Inner">
        <Owner TaskNumber="0" ItemID="59507" RawItemID="0" TypeHash="0" STType="" UIDType="Inner" />
      </Parent>
      <UsedSTTypes>
        <string>HMI.ResourceType</string>
        <string>DINT</string>
        <string>LREAL</string>
        <string>HMI.SizeType</string>
        <string>HMI.ProportionType</string>
      </UsedSTTypes>
      <TypeID TaskNumber="0" ItemID="6108" RawItemID="0" TypeHash="0" Path="" STType="" UIDType="Inner">
        <Owner TaskNumber="0" ItemID="6108" RawItemID="0" TypeHash="0" STType="" UIDType="Inner" />
      </TypeID>
      <Parameters>
        <Parameter Name="Образ" ShortName="59523" Tag="59523" Role="SkinResource" Value="">
          <ID TaskNumber="0" ItemID="59523" RawItemID="0" TypeHash="4" Path="" STType="HMI.ResourceType" UIDType="Inner">
            <Owner TaskNumber="0" ItemID="59520" RawItemID="0" TypeHash="0" Path="" STType="" UIDType="Inner">
              <Owner TaskNumber="0" ItemID="59520" RawItemID="0" TypeHash="0" STType="" UIDType="Inner" />
            </Owner>
          </ID>
          <Parent TaskNumber="0" ItemID="59520" RawItemID="0" TypeHash="0" Path="" STType="" UIDType="Inner">
            <Owner TaskNumber="0" ItemID="59520" RawItemID="0" TypeHash="0" STType="" UIDType="Inner" />
          </Parent>
          <IsValueFromTheme>false</IsValueFromTheme>
          <HasSubTypeName>true</HasSubTypeName>
          <Exclude>false</Exclude>
          <Connections />
          <IsDynamized>false</IsDynamized>
          <ContiniuosUpdate>false</ContiniuosUpdate>
        </Parameter>
        <Parameter Name="Порядок Z" ShortName="59526" Tag="59526" Role="Z" Value="0">
          <ID TaskNumber="0" ItemID="59526" RawItemID="0" TypeHash="6" Path="" STType="DINT" UIDType="Inner">
            <Owner TaskNumber="0" ItemID="59520" RawItemID="0" TypeHash="0" Path="" STType="" UIDType="Inner">
              <Owner TaskNumber="0" ItemID="59520" RawItemID="0" TypeHash="0" STType="" UIDType="Inner" />
            </Owner>
          </ID>
          <Parent TaskNumber="0" ItemID="59520" RawItemID="0" TypeHash="0" Path="" STType="" UIDType="Inner">
            <Owner TaskNumber="0" ItemID="59520" RawItemID="0" TypeHash="0" STType="" UIDType="Inner" />
          </Parent>
          <IsValueFromTheme>false</IsValueFromTheme>
          <HasSubTypeName>true</HasSubTypeName>
          <Exclude>false</Exclude>
          <Connections />
          <IsDynamized>false</IsDynamized>
          <ContiniuosUpdate>false</ContiniuosUpdate>
        </Parameter>
        <Parameter Name="Ширина" ShortName="59527" Tag="59527" Role="Width" Value="1920">
          <ID TaskNumber="0" ItemID="59527" RawItemID="0" TypeHash="1" Path="" STType="LREAL" UIDType="Inner">
            <Owner TaskNumber="0" ItemID="59520" RawItemID="0" TypeHash="0" Path="" STType="" UIDType="Inner">
              <Owner TaskNumber="0" ItemID="59520" RawItemID="0" TypeHash="0" STType="" UIDType="Inner" />
            </Owner>
          </ID>
          <Parent TaskNumber="0" ItemID="59520" RawItemID="0" TypeHash="0" Path="" STType="" UIDType="Inner">
            <Owner TaskNumber="0" ItemID="59520" RawItemID="0" TypeHash="0" STType="" UIDType="Inner" />
          </Parent>
          <IsValueFromTheme>false</IsValueFromTheme>
          <HasSubTypeName>true</HasSubTypeName>
          <Exclude>false</Exclude>
          <Connections />
          <IsDynamized>false</IsDynamized>
          <ContiniuosUpdate>false</ContiniuosUpdate>
        </Parameter>
        <Parameter Name="Высота" ShortName="59524" Tag="59524" Role="Height" Value="1080">
          <ID TaskNumber="0" ItemID="59524" RawItemID="0" TypeHash="1" Path="" STType="LREAL" UIDType="Inner">
            <Owner TaskNumber="0" ItemID="59520" RawItemID="0" TypeHash="0" Path="" STType="" UIDType="Inner">
              <Owner TaskNumber="0" ItemID="59520" RawItemID="0" TypeHash="0" STType="" UIDType="Inner" />
            </Owner>
          </ID>
          <Parent TaskNumber="0" ItemID="59520" RawItemID="0" TypeHash="0" Path="" STType="" UIDType="Inner">
            <Owner TaskNumber="0" ItemID="59520" RawItemID="0" TypeHash="0" STType="" UIDType="Inner" />
          </Parent>
          <IsValueFromTheme>false</IsValueFromTheme>
          <HasSubTypeName>true</HasSubTypeName>
          <Exclude>false</Exclude>
          <Connections />
          <IsDynamized>false</IsDynamized>
          <ContiniuosUpdate>false</ContiniuosUpdate>
        </Parameter>
        <Parameter Name="Клавиатурный индекс" ShortName="59525" Tag="59525" Role="TabIndex" Value="0">
          <ID TaskNumber="0" ItemID="59525" RawItemID="0" TypeHash="6" Path="" STType="DINT" UIDType="Inner">
            <Owner TaskNumber="0" ItemID="59520" RawItemID="0" TypeHash="0" Path="" STType="" UIDType="Inner">
              <Owner TaskNumber="0" ItemID="59520" RawItemID="0" TypeHash="0" STType="" UIDType="Inner" />
            </Owner>
          </ID>
          <Parent TaskNumber="0" ItemID="59520" RawItemID="0" TypeHash="0" Path="" STType="" UIDType="Inner">
            <Owner TaskNumber="0" ItemID="59520" RawItemID="0" TypeHash="0" STType="" UIDType="Inner" />
          </Parent>
          <IsValueFromTheme>false</IsValueFromTheme>
          <HasSubTypeName>true</HasSubTypeName>
          <Exclude>false</Exclude>
          <Connections />
          <IsDynamized>false</IsDynamized>
          <ContiniuosUpdate>false</ContiniuosUpdate>
        </Parameter>
        <Parameter Name="Изображение фона" ShortName="59528" Tag="59528" Role="Resource" Value="">
          <ID TaskNumber="0" ItemID="59528" RawItemID="0" TypeHash="4" Path="" STType="HMI.ResourceType" UIDType="Inner">
            <Owner TaskNumber="0" ItemID="59520" RawItemID="0" TypeHash="0" Path="" STType="" UIDType="Inner">
              <Owner TaskNumber="0" ItemID="59520" RawItemID="0" TypeHash="0" STType="" UIDType="Inner" />
            </Owner>
          </ID>
          <Parent TaskNumber="0" ItemID="59520" RawItemID="0" TypeHash="0" Path="" STType="" UIDType="Inner">
            <Owner TaskNumber="0" ItemID="59520" RawItemID="0" TypeHash="0" STType="" UIDType="Inner" />
          </Parent>
          <IsValueFromTheme>false</IsValueFromTheme>
          <HasSubTypeName>true</HasSubTypeName>
          <Exclude>false</Exclude>
          <Connections />
          <IsDynamized>false</IsDynamized>
          <ContiniuosUpdate>false</ContiniuosUpdate>
        </Parameter>
        <Parameter Name="Координата X" ShortName="59529" Tag="59529" Role="X" Value="0">
          <ID TaskNumber="0" ItemID="59529" RawItemID="0" TypeHash="1" Path="" STType="LREAL" UIDType="Inner">
            <Owner TaskNumber="0" ItemID="59520" RawItemID="0" TypeHash="0" Path="" STType="" UIDType="Inner">
              <Owner TaskNumber="0" ItemID="59520" RawItemID="0" TypeHash="0" STType="" UIDType="Inner" />
            </Owner>
          </ID>
          <Parent TaskNumber="0" ItemID="59520" RawItemID="0" TypeHash="0" Path="" STType="" UIDType="Inner">
            <Owner TaskNumber="0" ItemID="59520" RawItemID="0" TypeHash="0" STType="" UIDType="Inner" />
          </Parent>
          <IsValueFromTheme>false</IsValueFromTheme>
          <HasSubTypeName>true</HasSubTypeName>
          <Exclude>false</Exclude>
          <Connections />
          <IsDynamized>false</IsDynamized>
          <ContiniuosUpdate>false</ContiniuosUpdate>
        </Parameter>
        <Parameter Name="Координата Y" ShortName="59530" Tag="59530" Role="Y" Value="0">
          <ID TaskNumber="0" ItemID="59530" RawItemID="0" TypeHash="1" Path="" STType="LREAL" UIDType="Inner">
            <Owner TaskNumber="0" ItemID="59520" RawItemID="0" TypeHash="0" Path="" STType="" UIDType="Inner">
              <Owner TaskNumber="0" ItemID="59520" RawItemID="0" TypeHash="0" STType="" UIDType="Inner" />
            </Owner>
          </ID>
          <Parent TaskNumber="0" ItemID="59520" RawItemID="0" TypeHash="0" Path="" STType="" UIDType="Inner">
            <Owner TaskNumber="0" ItemID="59520" RawItemID="0" TypeHash="0" STType="" UIDType="Inner" />
          </Parent>
          <IsValueFromTheme>false</IsValueFromTheme>
          <HasSubTypeName>true</HasSubTypeName>
          <Exclude>false</Exclude>
          <Connections />
          <IsDynamized>false</IsDynamized>
          <ContiniuosUpdate>false</ContiniuosUpdate>
        </Parameter>
        <Parameter Name="XType" ShortName="XType" Tag="0" Role="XType" Value="1">
          <ID TaskNumber="0" ItemID="4294967237" RawItemID="0" TypeHash="5" Path="" STType="HMI.SizeType" UIDType="Inner" />
          <Parent TaskNumber="0" ItemID="59507" RawItemID="0" TypeHash="0" Path="" STType="" UIDType="Inner">
            <Owner TaskNumber="0" ItemID="59507" RawItemID="0" TypeHash="0" STType="" UIDType="Inner" />
          </Parent>
          <IsValueFromTheme>false</IsValueFromTheme>
          <HasSubTypeName>true</HasSubTypeName>
          <Exclude>false</Exclude>
          <IsDynamized>false</IsDynamized>
          <ContiniuosUpdate>false</ContiniuosUpdate>
        </Parameter>
        <Parameter Name="YType" ShortName="YType" Tag="0" Role="YType" Value="1">
          <ID TaskNumber="0" ItemID="4294967236" RawItemID="0" TypeHash="5" Path="" STType="HMI.SizeType" UIDType="Inner" />
          <Parent TaskNumber="0" ItemID="59507" RawItemID="0" TypeHash="0" Path="" STType="" UIDType="Inner">
            <Owner TaskNumber="0" ItemID="59507" RawItemID="0" TypeHash="0" STType="" UIDType="Inner" />
          </Parent>
          <IsValueFromTheme>false</IsValueFromTheme>
          <HasSubTypeName>true</HasSubTypeName>
          <Exclude>false</Exclude>
          <IsDynamized>false</IsDynamized>
          <ContiniuosUpdate>false</ContiniuosUpdate>
        </Parameter>
        <Parameter Name="ProportionType" ShortName="ProportionType" Tag="0" Role="ProportionType" Value="0">
          <ID TaskNumber="0" ItemID="4294967235" RawItemID="0" TypeHash="5" Path="" STType="HMI.ProportionType" UIDType="Inner" />
          <Parent TaskNumber="0" ItemID="59507" RawItemID="0" TypeHash="0" Path="" STType="" UIDType="Inner">
            <Owner TaskNumber="0" ItemID="59507" RawItemID="0" TypeHash="0" STType="" UIDType="Inner" />
          </Parent>
          <IsValueFromTheme>false</IsValueFromTheme>
          <HasSubTypeName>true</HasSubTypeName>
          <Exclude>false</Exclude>
          <IsDynamized>false</IsDynamized>
          <ContiniuosUpdate>false</ContiniuosUpdate>
        </Parameter>
        <Parameter Name="WidthType" ShortName="WidthType" Tag="0" Role="WidthType" Value="1">
          <ID TaskNumber="0" ItemID="4294967234" RawItemID="0" TypeHash="5" Path="" STType="HMI.SizeType" UIDType="Inner" />
          <Parent TaskNumber="0" ItemID="59507" RawItemID="0" TypeHash="0" Path="" STType="" UIDType="Inner">
            <Owner TaskNumber="0" ItemID="59507" RawItemID="0" TypeHash="0" STType="" UIDType="Inner" />
          </Parent>
          <IsValueFromTheme>false</IsValueFromTheme>
          <HasSubTypeName>true</HasSubTypeName>
          <Exclude>false</Exclude>
          <IsDynamized>false</IsDynamized>
          <ContiniuosUpdate>false</ContiniuosUpdate>
        </Parameter>
        <Parameter Name="HeightType" ShortName="HeightType" Tag="0" Role="HeightType" Value="1">
          <ID TaskNumber="0" ItemID="4294967233" RawItemID="0" TypeHash="5" Path="" STType="HMI.SizeType" UIDType="Inner" />
          <Parent TaskNumber="0" ItemID="59507" RawItemID="0" TypeHash="0" Path="" STType="" UIDType="Inner">
            <Owner TaskNumber="0" ItemID="59507" RawItemID="0" TypeHash="0" STType="" UIDType="Inner" />
          </Parent>
          <IsValueFromTheme>false</IsValueFromTheme>
          <HasSubTypeName>true</HasSubTypeName>
          <Exclude>false</Exclude>
          <IsDynamized>false</IsDynamized>
          <ContiniuosUpdate>false</ContiniuosUpdate>
        </Parameter>
      </Parameters>
      <ObjectId>0</ObjectId>
      <ServerTaskId>-1</ServerTaskId>
      <ServerTaskItemId>0</ServerTaskItemId>
      <InObjectInstance>false</InObjectInstance>
      <HasConnections>false</HasConnections>
    </Element>
  </Elements>
  <ObjectId>0</ObjectId>
  <ServerTaskId>-1</ServerTaskId>
  <ServerTaskItemId>0</ServerTaskItemId>
  <InObjectInstance>false</InObjectInstance>
  <Role>Window</Role>
  <HasConnections>false</HasConnections>
</Element>