<?xml version="1.0" encoding="utf-8"?>
<Element xmlns:xsi="http://www.w3.org/2001/XMLSchema-instance" xmlns:xsd="http://www.w3.org/2001/XMLSchema" Name="9288" ShortName="Текст" UngroupedName="Диалог.Текст" Tag="9288">
  <ID TaskNumber="0" ItemID="9288" RawItemID="0" TypeHash="0" Path="" STType="" UIDType="Inner">
    <Owner TaskNumber="0" ItemID="9288" RawItemID="0" TypeHash="0" STType="" UIDType="Inner" />
  </ID>
  <UsedSTTypes>
    <string>HMI.ResourceType</string>
    <string>DINT</string>
    <string>LREAL</string>
    <string>HMI.SolidColorType</string>
    <string>HMI.GradientColorType</string>
    <string>HMI.BorderStyleType</string>
    <string>STRING</string>
    <string>BOOL</string>
    <string>HMI.TileType</string>
    <string>HMI.HorizontalAlignType</string>
    <string>HMI.VerticalAlignType</string>
    <string>HMI.MouseCursorKinds</string>
    <string>BYTE</string>
    <string>HMI.SizeType</string>
    <string>HMI.ProportionType</string>
  </UsedSTTypes>
  <Parameters>
    <Parameter Name="Образ" ShortName="9217" Tag="9217" Role="SkinResource" Value="">
      <ID TaskNumber="0" ItemID="9217" RawItemID="0" TypeHash="4" Path="" STType="HMI.ResourceType" UIDType="Inner">
        <Owner TaskNumber="0" ItemID="9288" RawItemID="0" TypeHash="0" Path="" STType="" UIDType="Inner">
          <Owner TaskNumber="0" ItemID="9288" RawItemID="0" TypeHash="0" STType="" UIDType="Inner" />
        </Owner>
      </ID>
      <Parent TaskNumber="0" ItemID="9288" RawItemID="0" TypeHash="0" Path="" STType="" UIDType="Inner">
        <Owner TaskNumber="0" ItemID="9288" RawItemID="0" TypeHash="0" STType="" UIDType="Inner" />
      </Parent>
      <IsValueFromTheme>false</IsValueFromTheme>
      <HasSubTypeName>true</HasSubTypeName>
      <Exclude>false</Exclude>
      <Connections />
      <IsDynamized>false</IsDynamized>
      <ContiniuosUpdate>false</ContiniuosUpdate>
    </Parameter>
    <Parameter Name="Порядок Z" ShortName="9218" Tag="9218" Role="Z" Value="0">
      <ID TaskNumber="0" ItemID="9218" RawItemID="0" TypeHash="6" Path="" STType="DINT" UIDType="Inner">
        <Owner TaskNumber="0" ItemID="9288" RawItemID="0" TypeHash="0" Path="" STType="" UIDType="Inner">
          <Owner TaskNumber="0" ItemID="9288" RawItemID="0" TypeHash="0" STType="" UIDType="Inner" />
        </Owner>
      </ID>
      <Parent TaskNumber="0" ItemID="9288" RawItemID="0" TypeHash="0" Path="" STType="" UIDType="Inner">
        <Owner TaskNumber="0" ItemID="9288" RawItemID="0" TypeHash="0" STType="" UIDType="Inner" />
      </Parent>
      <IsValueFromTheme>false</IsValueFromTheme>
      <HasSubTypeName>true</HasSubTypeName>
      <Exclude>false</Exclude>
      <Connections />
      <IsDynamized>false</IsDynamized>
      <ContiniuosUpdate>false</ContiniuosUpdate>
    </Parameter>
    <Parameter Name="Ширина" ShortName="9184" Tag="9184" Role="Width" Value="80">
      <ID TaskNumber="0" ItemID="9184" RawItemID="0" TypeHash="1" Path="" STType="LREAL" UIDType="Inner">
        <Owner TaskNumber="0" ItemID="9288" RawItemID="0" TypeHash="0" Path="" STType="" UIDType="Inner">
          <Owner TaskNumber="0" ItemID="9288" RawItemID="0" TypeHash="0" STType="" UIDType="Inner" />
        </Owner>
      </ID>
      <Parent TaskNumber="0" ItemID="9288" RawItemID="0" TypeHash="0" Path="" STType="" UIDType="Inner">
        <Owner TaskNumber="0" ItemID="9288" RawItemID="0" TypeHash="0" STType="" UIDType="Inner" />
      </Parent>
      <IsValueFromTheme>false</IsValueFromTheme>
      <HasSubTypeName>true</HasSubTypeName>
      <Exclude>false</Exclude>
      <Connections />
      <IsDynamized>false</IsDynamized>
      <ContiniuosUpdate>false</ContiniuosUpdate>
    </Parameter>
    <Parameter Name="Высота" ShortName="9185" Tag="9185" Role="Height" Value="20">
      <ID TaskNumber="0" ItemID="9185" RawItemID="0" TypeHash="1" Path="" STType="LREAL" UIDType="Inner">
        <Owner TaskNumber="0" ItemID="9288" RawItemID="0" TypeHash="0" Path="" STType="" UIDType="Inner">
          <Owner TaskNumber="0" ItemID="9288" RawItemID="0" TypeHash="0" STType="" UIDType="Inner" />
        </Owner>
      </ID>
      <Parent TaskNumber="0" ItemID="9288" RawItemID="0" TypeHash="0" Path="" STType="" UIDType="Inner">
        <Owner TaskNumber="0" ItemID="9288" RawItemID="0" TypeHash="0" STType="" UIDType="Inner" />
      </Parent>
      <IsValueFromTheme>false</IsValueFromTheme>
      <HasSubTypeName>true</HasSubTypeName>
      <Exclude>false</Exclude>
      <Connections />
      <IsDynamized>false</IsDynamized>
      <ContiniuosUpdate>false</ContiniuosUpdate>
    </Parameter>
    <Parameter Name="Угол поворота" ShortName="9186" Tag="9186" Role="Angle" Value="0">
      <ID TaskNumber="0" ItemID="9186" RawItemID="0" TypeHash="1" Path="" STType="LREAL" UIDType="Inner">
        <Owner TaskNumber="0" ItemID="9288" RawItemID="0" TypeHash="0" Path="" STType="" UIDType="Inner">
          <Owner TaskNumber="0" ItemID="9288" RawItemID="0" TypeHash="0" STType="" UIDType="Inner" />
        </Owner>
      </ID>
      <Parent TaskNumber="0" ItemID="9288" RawItemID="0" TypeHash="0" Path="" STType="" UIDType="Inner">
        <Owner TaskNumber="0" ItemID="9288" RawItemID="0" TypeHash="0" STType="" UIDType="Inner" />
      </Parent>
      <IsValueFromTheme>false</IsValueFromTheme>
      <HasSubTypeName>true</HasSubTypeName>
      <Exclude>false</Exclude>
      <Connections />
      <IsDynamized>false</IsDynamized>
      <ContiniuosUpdate>false</ContiniuosUpdate>
    </Parameter>
    <Parameter Name="Масштаб X" ShortName="9187" Tag="9187" Role="ScaleX" Value="1">
      <ID TaskNumber="0" ItemID="9187" RawItemID="0" TypeHash="1" Path="" STType="LREAL" UIDType="Inner">
        <Owner TaskNumber="0" ItemID="9288" RawItemID="0" TypeHash="0" Path="" STType="" UIDType="Inner">
          <Owner TaskNumber="0" ItemID="9288" RawItemID="0" TypeHash="0" STType="" UIDType="Inner" />
        </Owner>
      </ID>
      <Parent TaskNumber="0" ItemID="9288" RawItemID="0" TypeHash="0" Path="" STType="" UIDType="Inner">
        <Owner TaskNumber="0" ItemID="9288" RawItemID="0" TypeHash="0" STType="" UIDType="Inner" />
      </Parent>
      <IsValueFromTheme>false</IsValueFromTheme>
      <HasSubTypeName>true</HasSubTypeName>
      <Exclude>false</Exclude>
      <Connections />
      <IsDynamized>false</IsDynamized>
      <ContiniuosUpdate>false</ContiniuosUpdate>
    </Parameter>
    <Parameter Name="Масштаб Y" ShortName="9188" Tag="9188" Role="ScaleY" Value="1">
      <ID TaskNumber="0" ItemID="9188" RawItemID="0" TypeHash="1" Path="" STType="LREAL" UIDType="Inner">
        <Owner TaskNumber="0" ItemID="9288" RawItemID="0" TypeHash="0" Path="" STType="" UIDType="Inner">
          <Owner TaskNumber="0" ItemID="9288" RawItemID="0" TypeHash="0" STType="" UIDType="Inner" />
        </Owner>
      </ID>
      <Parent TaskNumber="0" ItemID="9288" RawItemID="0" TypeHash="0" Path="" STType="" UIDType="Inner">
        <Owner TaskNumber="0" ItemID="9288" RawItemID="0" TypeHash="0" STType="" UIDType="Inner" />
      </Parent>
      <IsValueFromTheme>false</IsValueFromTheme>
      <HasSubTypeName>true</HasSubTypeName>
      <Exclude>false</Exclude>
      <Connections />
      <IsDynamized>false</IsDynamized>
      <ContiniuosUpdate>false</ContiniuosUpdate>
    </Parameter>
    <Parameter Name="Толщина рамки" ShortName="9189" Tag="9189" Role="BorderThickness" Value="0">
      <ID TaskNumber="0" ItemID="9189" RawItemID="0" TypeHash="1" Path="" STType="LREAL" UIDType="Inner">
        <Owner TaskNumber="0" ItemID="9288" RawItemID="0" TypeHash="0" Path="" STType="" UIDType="Inner">
          <Owner TaskNumber="0" ItemID="9288" RawItemID="0" TypeHash="0" STType="" UIDType="Inner" />
        </Owner>
      </ID>
      <Parent TaskNumber="0" ItemID="9288" RawItemID="0" TypeHash="0" Path="" STType="" UIDType="Inner">
        <Owner TaskNumber="0" ItemID="9288" RawItemID="0" TypeHash="0" STType="" UIDType="Inner" />
      </Parent>
      <IsValueFromTheme>false</IsValueFromTheme>
      <HasSubTypeName>true</HasSubTypeName>
      <Exclude>false</Exclude>
      <Connections />
      <IsDynamized>false</IsDynamized>
      <ContiniuosUpdate>false</ContiniuosUpdate>
    </Parameter>
    <Parameter Name="Цвет рамки" ShortName="9190" Tag="9190" Role="BorderColor" Value="rgb(128,128,128)">
      <ID TaskNumber="0" ItemID="9190" RawItemID="0" TypeHash="4" Path="" STType="HMI.SolidColorType" UIDType="Inner">
        <Owner TaskNumber="0" ItemID="9288" RawItemID="0" TypeHash="0" Path="" STType="" UIDType="Inner">
          <Owner TaskNumber="0" ItemID="9288" RawItemID="0" TypeHash="0" STType="" UIDType="Inner" />
        </Owner>
      </ID>
      <Parent TaskNumber="0" ItemID="9288" RawItemID="0" TypeHash="0" Path="" STType="" UIDType="Inner">
        <Owner TaskNumber="0" ItemID="9288" RawItemID="0" TypeHash="0" STType="" UIDType="Inner" />
      </Parent>
      <IsValueFromTheme>false</IsValueFromTheme>
      <HasSubTypeName>true</HasSubTypeName>
      <Exclude>false</Exclude>
      <Connections />
      <IsDynamized>false</IsDynamized>
      <ContiniuosUpdate>false</ContiniuosUpdate>
    </Parameter>
    <Parameter Name="Заливка фона" ShortName="9191" Tag="9191" Role="BackgroundColor" Value="TRANSPARENT">
      <ID TaskNumber="0" ItemID="9191" RawItemID="0" TypeHash="4" Path="" STType="HMI.GradientColorType" UIDType="Inner">
        <Owner TaskNumber="0" ItemID="9288" RawItemID="0" TypeHash="0" Path="" STType="" UIDType="Inner">
          <Owner TaskNumber="0" ItemID="9288" RawItemID="0" TypeHash="0" STType="" UIDType="Inner" />
        </Owner>
      </ID>
      <Parent TaskNumber="0" ItemID="9288" RawItemID="0" TypeHash="0" Path="" STType="" UIDType="Inner">
        <Owner TaskNumber="0" ItemID="9288" RawItemID="0" TypeHash="0" STType="" UIDType="Inner" />
      </Parent>
      <IsValueFromTheme>false</IsValueFromTheme>
      <HasSubTypeName>true</HasSubTypeName>
      <Exclude>false</Exclude>
      <Connections />
      <IsDynamized>false</IsDynamized>
      <ContiniuosUpdate>false</ContiniuosUpdate>
    </Parameter>
    <Parameter Name="Прозрачность" ShortName="9192" Tag="9192" Role="Opacity" Value="100">
      <ID TaskNumber="0" ItemID="9192" RawItemID="0" TypeHash="1" Path="" STType="LREAL" UIDType="Inner">
        <Owner TaskNumber="0" ItemID="9288" RawItemID="0" TypeHash="0" Path="" STType="" UIDType="Inner">
          <Owner TaskNumber="0" ItemID="9288" RawItemID="0" TypeHash="0" STType="" UIDType="Inner" />
        </Owner>
      </ID>
      <Parent TaskNumber="0" ItemID="9288" RawItemID="0" TypeHash="0" Path="" STType="" UIDType="Inner">
        <Owner TaskNumber="0" ItemID="9288" RawItemID="0" TypeHash="0" STType="" UIDType="Inner" />
      </Parent>
      <IsValueFromTheme>false</IsValueFromTheme>
      <HasSubTypeName>true</HasSubTypeName>
      <Exclude>false</Exclude>
      <Connections />
      <IsDynamized>false</IsDynamized>
      <ContiniuosUpdate>false</ContiniuosUpdate>
    </Parameter>
    <Parameter Name="Стиль рамки" ShortName="9204" Tag="9204" Role="BorderStyle" Value="0">
      <ID TaskNumber="0" ItemID="9204" RawItemID="0" TypeHash="5" Path="" STType="HMI.BorderStyleType" UIDType="Inner">
        <Owner TaskNumber="0" ItemID="9288" RawItemID="0" TypeHash="0" Path="" STType="" UIDType="Inner">
          <Owner TaskNumber="0" ItemID="9288" RawItemID="0" TypeHash="0" STType="" UIDType="Inner" />
        </Owner>
      </ID>
      <Parent TaskNumber="0" ItemID="9288" RawItemID="0" TypeHash="0" Path="" STType="" UIDType="Inner">
        <Owner TaskNumber="0" ItemID="9288" RawItemID="0" TypeHash="0" STType="" UIDType="Inner" />
      </Parent>
      <IsValueFromTheme>false</IsValueFromTheme>
      <HasSubTypeName>true</HasSubTypeName>
      <Exclude>false</Exclude>
      <Connections />
      <IsDynamized>false</IsDynamized>
      <ContiniuosUpdate>false</ContiniuosUpdate>
    </Parameter>
    <Parameter Name="Всплывающая подсказка" ShortName="9194" Tag="9194" Role="ToolTip" Value="">
      <ID TaskNumber="0" ItemID="9194" RawItemID="0" TypeHash="4" Path="" STType="STRING" UIDType="Inner">
        <Owner TaskNumber="0" ItemID="9288" RawItemID="0" TypeHash="0" Path="" STType="" UIDType="Inner">
          <Owner TaskNumber="0" ItemID="9288" RawItemID="0" TypeHash="0" STType="" UIDType="Inner" />
        </Owner>
      </ID>
      <Parent TaskNumber="0" ItemID="9288" RawItemID="0" TypeHash="0" Path="" STType="" UIDType="Inner">
        <Owner TaskNumber="0" ItemID="9288" RawItemID="0" TypeHash="0" STType="" UIDType="Inner" />
      </Parent>
      <IsValueFromTheme>false</IsValueFromTheme>
      <HasSubTypeName>true</HasSubTypeName>
      <Exclude>false</Exclude>
      <Connections />
      <IsDynamized>false</IsDynamized>
      <ContiniuosUpdate>false</ContiniuosUpdate>
    </Parameter>
    <Parameter Name="Мигание" ShortName="9205" Tag="9205" Role="Flash" Value="False">
      <ID TaskNumber="0" ItemID="9205" RawItemID="0" TypeHash="3" Path="" STType="BOOL" UIDType="Inner">
        <Owner TaskNumber="0" ItemID="9288" RawItemID="0" TypeHash="0" Path="" STType="" UIDType="Inner">
          <Owner TaskNumber="0" ItemID="9288" RawItemID="0" TypeHash="0" STType="" UIDType="Inner" />
        </Owner>
      </ID>
      <Parent TaskNumber="0" ItemID="9288" RawItemID="0" TypeHash="0" Path="" STType="" UIDType="Inner">
        <Owner TaskNumber="0" ItemID="9288" RawItemID="0" TypeHash="0" STType="" UIDType="Inner" />
      </Parent>
      <IsValueFromTheme>false</IsValueFromTheme>
      <HasSubTypeName>true</HasSubTypeName>
      <Exclude>false</Exclude>
      <Connections />
      <IsDynamized>false</IsDynamized>
      <ContiniuosUpdate>false</ContiniuosUpdate>
    </Parameter>
    <Parameter Name="Размер тени" ShortName="9206" Tag="9206" Role="ShadowSize" Value="0">
      <ID TaskNumber="0" ItemID="9206" RawItemID="0" TypeHash="6" Path="" STType="DINT" UIDType="Inner">
        <Owner TaskNumber="0" ItemID="9288" RawItemID="0" TypeHash="0" Path="" STType="" UIDType="Inner">
          <Owner TaskNumber="0" ItemID="9288" RawItemID="0" TypeHash="0" STType="" UIDType="Inner" />
        </Owner>
      </ID>
      <Parent TaskNumber="0" ItemID="9288" RawItemID="0" TypeHash="0" Path="" STType="" UIDType="Inner">
        <Owner TaskNumber="0" ItemID="9288" RawItemID="0" TypeHash="0" STType="" UIDType="Inner" />
      </Parent>
      <IsValueFromTheme>false</IsValueFromTheme>
      <HasSubTypeName>true</HasSubTypeName>
      <Exclude>false</Exclude>
      <Connections />
      <IsDynamized>false</IsDynamized>
      <ContiniuosUpdate>false</ContiniuosUpdate>
    </Parameter>
    <Parameter Name="Цвет тени" ShortName="9209" Tag="9209" Role="ShadowColor" Value="rgb(240,240,240)">
      <ID TaskNumber="0" ItemID="9209" RawItemID="0" TypeHash="4" Path="" STType="HMI.SolidColorType" UIDType="Inner">
        <Owner TaskNumber="0" ItemID="9288" RawItemID="0" TypeHash="0" Path="" STType="" UIDType="Inner">
          <Owner TaskNumber="0" ItemID="9288" RawItemID="0" TypeHash="0" STType="" UIDType="Inner" />
        </Owner>
      </ID>
      <Parent TaskNumber="0" ItemID="9288" RawItemID="0" TypeHash="0" Path="" STType="" UIDType="Inner">
        <Owner TaskNumber="0" ItemID="9288" RawItemID="0" TypeHash="0" STType="" UIDType="Inner" />
      </Parent>
      <IsValueFromTheme>false</IsValueFromTheme>
      <HasSubTypeName>true</HasSubTypeName>
      <Exclude>false</Exclude>
      <Connections />
      <IsDynamized>false</IsDynamized>
      <ContiniuosUpdate>false</ContiniuosUpdate>
    </Parameter>
    <Parameter Name="Изображение фона" ShortName="9210" Tag="9210" Role="Resource" Value="">
      <ID TaskNumber="0" ItemID="9210" RawItemID="0" TypeHash="4" Path="" STType="HMI.ResourceType" UIDType="Inner">
        <Owner TaskNumber="0" ItemID="9288" RawItemID="0" TypeHash="0" Path="" STType="" UIDType="Inner">
          <Owner TaskNumber="0" ItemID="9288" RawItemID="0" TypeHash="0" STType="" UIDType="Inner" />
        </Owner>
      </ID>
      <Parent TaskNumber="0" ItemID="9288" RawItemID="0" TypeHash="0" Path="" STType="" UIDType="Inner">
        <Owner TaskNumber="0" ItemID="9288" RawItemID="0" TypeHash="0" STType="" UIDType="Inner" />
      </Parent>
      <IsValueFromTheme>false</IsValueFromTheme>
      <HasSubTypeName>true</HasSubTypeName>
      <Exclude>false</Exclude>
      <Connections />
      <IsDynamized>false</IsDynamized>
      <ContiniuosUpdate>false</ContiniuosUpdate>
    </Parameter>
    <Parameter Name="Замостка фона" ShortName="9211" Tag="9211" Role="BackgroundTile" Value="2">
      <ID TaskNumber="0" ItemID="9211" RawItemID="0" TypeHash="5" Path="" STType="HMI.TileType" UIDType="Inner">
        <Owner TaskNumber="0" ItemID="9288" RawItemID="0" TypeHash="0" Path="" STType="" UIDType="Inner">
          <Owner TaskNumber="0" ItemID="9288" RawItemID="0" TypeHash="0" STType="" UIDType="Inner" />
        </Owner>
      </ID>
      <Parent TaskNumber="0" ItemID="9288" RawItemID="0" TypeHash="0" Path="" STType="" UIDType="Inner">
        <Owner TaskNumber="0" ItemID="9288" RawItemID="0" TypeHash="0" STType="" UIDType="Inner" />
      </Parent>
      <IsValueFromTheme>false</IsValueFromTheme>
      <HasSubTypeName>true</HasSubTypeName>
      <Exclude>false</Exclude>
      <Connections />
      <IsDynamized>false</IsDynamized>
      <ContiniuosUpdate>false</ContiniuosUpdate>
    </Parameter>
    <Parameter Name="Видимость" ShortName="9212" Tag="9212" Role="IsVisible" Value="True">
      <ID TaskNumber="0" ItemID="9212" RawItemID="0" TypeHash="3" Path="" STType="BOOL" UIDType="Inner">
        <Owner TaskNumber="0" ItemID="9288" RawItemID="0" TypeHash="0" Path="" STType="" UIDType="Inner">
          <Owner TaskNumber="0" ItemID="9288" RawItemID="0" TypeHash="0" STType="" UIDType="Inner" />
        </Owner>
      </ID>
      <Parent TaskNumber="0" ItemID="9288" RawItemID="0" TypeHash="0" Path="" STType="" UIDType="Inner">
        <Owner TaskNumber="0" ItemID="9288" RawItemID="0" TypeHash="0" STType="" UIDType="Inner" />
      </Parent>
      <IsValueFromTheme>false</IsValueFromTheme>
      <HasSubTypeName>true</HasSubTypeName>
      <Exclude>false</Exclude>
      <Connections />
      <IsDynamized>false</IsDynamized>
      <ContiniuosUpdate>false</ContiniuosUpdate>
    </Parameter>
    <Parameter Name="Скрывать при отсутствии прав на управление" ShortName="9222" Tag="9222" Role="HideIfDenyControl" Value="False">
      <ID TaskNumber="0" ItemID="9222" RawItemID="0" TypeHash="3" Path="" STType="BOOL" UIDType="Inner">
        <Owner TaskNumber="0" ItemID="9288" RawItemID="0" TypeHash="0" Path="" STType="" UIDType="Inner">
          <Owner TaskNumber="0" ItemID="9288" RawItemID="0" TypeHash="0" STType="" UIDType="Inner" />
        </Owner>
      </ID>
      <Parent TaskNumber="0" ItemID="9288" RawItemID="0" TypeHash="0" Path="" STType="" UIDType="Inner">
        <Owner TaskNumber="0" ItemID="9288" RawItemID="0" TypeHash="0" STType="" UIDType="Inner" />
      </Parent>
      <IsValueFromTheme>false</IsValueFromTheme>
      <HasSubTypeName>true</HasSubTypeName>
      <Exclude>false</Exclude>
      <Connections />
      <IsDynamized>false</IsDynamized>
      <ContiniuosUpdate>false</ContiniuosUpdate>
    </Parameter>
    <Parameter Name="Активность" ShortName="9213" Tag="9213" Role="IsEnabled" Value="True">
      <ID TaskNumber="0" ItemID="9213" RawItemID="0" TypeHash="3" Path="" STType="BOOL" UIDType="Inner">
        <Owner TaskNumber="0" ItemID="9288" RawItemID="0" TypeHash="0" Path="" STType="" UIDType="Inner">
          <Owner TaskNumber="0" ItemID="9288" RawItemID="0" TypeHash="0" STType="" UIDType="Inner" />
        </Owner>
      </ID>
      <Parent TaskNumber="0" ItemID="9288" RawItemID="0" TypeHash="0" Path="" STType="" UIDType="Inner">
        <Owner TaskNumber="0" ItemID="9288" RawItemID="0" TypeHash="0" STType="" UIDType="Inner" />
      </Parent>
      <IsValueFromTheme>false</IsValueFromTheme>
      <HasSubTypeName>true</HasSubTypeName>
      <Exclude>false</Exclude>
      <Connections />
      <IsDynamized>false</IsDynamized>
      <ContiniuosUpdate>false</ContiniuosUpdate>
    </Parameter>
    <Parameter Name="Клавиатурный индекс" ShortName="9214" Tag="9214" Role="TabIndex" Value="0">
      <ID TaskNumber="0" ItemID="9214" RawItemID="0" TypeHash="6" Path="" STType="DINT" UIDType="Inner">
        <Owner TaskNumber="0" ItemID="9288" RawItemID="0" TypeHash="0" Path="" STType="" UIDType="Inner">
          <Owner TaskNumber="0" ItemID="9288" RawItemID="0" TypeHash="0" STType="" UIDType="Inner" />
        </Owner>
      </ID>
      <Parent TaskNumber="0" ItemID="9288" RawItemID="0" TypeHash="0" Path="" STType="" UIDType="Inner">
        <Owner TaskNumber="0" ItemID="9288" RawItemID="0" TypeHash="0" STType="" UIDType="Inner" />
      </Parent>
      <IsValueFromTheme>false</IsValueFromTheme>
      <HasSubTypeName>true</HasSubTypeName>
      <Exclude>false</Exclude>
      <Connections />
      <IsDynamized>false</IsDynamized>
      <ContiniuosUpdate>false</ContiniuosUpdate>
    </Parameter>
    <Parameter Name="Координата X" ShortName="9215" Tag="9215" Role="X" Value="0">
      <ID TaskNumber="0" ItemID="9215" RawItemID="0" TypeHash="1" Path="" STType="LREAL" UIDType="Inner">
        <Owner TaskNumber="0" ItemID="9288" RawItemID="0" TypeHash="0" Path="" STType="" UIDType="Inner">
          <Owner TaskNumber="0" ItemID="9288" RawItemID="0" TypeHash="0" STType="" UIDType="Inner" />
        </Owner>
      </ID>
      <Parent TaskNumber="0" ItemID="9288" RawItemID="0" TypeHash="0" Path="" STType="" UIDType="Inner">
        <Owner TaskNumber="0" ItemID="9288" RawItemID="0" TypeHash="0" STType="" UIDType="Inner" />
      </Parent>
      <IsValueFromTheme>false</IsValueFromTheme>
      <HasSubTypeName>true</HasSubTypeName>
      <Exclude>false</Exclude>
      <Connections />
      <IsDynamized>false</IsDynamized>
      <ContiniuosUpdate>false</ContiniuosUpdate>
    </Parameter>
    <Parameter Name="Координата Y" ShortName="9216" Tag="9216" Role="Y" Value="0">
      <ID TaskNumber="0" ItemID="9216" RawItemID="0" TypeHash="1" Path="" STType="LREAL" UIDType="Inner">
        <Owner TaskNumber="0" ItemID="9288" RawItemID="0" TypeHash="0" Path="" STType="" UIDType="Inner">
          <Owner TaskNumber="0" ItemID="9288" RawItemID="0" TypeHash="0" STType="" UIDType="Inner" />
        </Owner>
      </ID>
      <Parent TaskNumber="0" ItemID="9288" RawItemID="0" TypeHash="0" Path="" STType="" UIDType="Inner">
        <Owner TaskNumber="0" ItemID="9288" RawItemID="0" TypeHash="0" STType="" UIDType="Inner" />
      </Parent>
      <IsValueFromTheme>false</IsValueFromTheme>
      <HasSubTypeName>true</HasSubTypeName>
      <Exclude>false</Exclude>
      <Connections />
      <IsDynamized>false</IsDynamized>
      <ContiniuosUpdate>false</ContiniuosUpdate>
    </Parameter>
    <Parameter Name="Горизонтальное выравнивание" ShortName="9219" Tag="9219" Role="HorizontalAlign" Value="1">
      <ID TaskNumber="0" ItemID="9219" RawItemID="0" TypeHash="5" Path="" STType="HMI.HorizontalAlignType" UIDType="Inner">
        <Owner TaskNumber="0" ItemID="9288" RawItemID="0" TypeHash="0" Path="" STType="" UIDType="Inner">
          <Owner TaskNumber="0" ItemID="9288" RawItemID="0" TypeHash="0" STType="" UIDType="Inner" />
        </Owner>
      </ID>
      <Parent TaskNumber="0" ItemID="9288" RawItemID="0" TypeHash="0" Path="" STType="" UIDType="Inner">
        <Owner TaskNumber="0" ItemID="9288" RawItemID="0" TypeHash="0" STType="" UIDType="Inner" />
      </Parent>
      <IsValueFromTheme>false</IsValueFromTheme>
      <HasSubTypeName>true</HasSubTypeName>
      <Exclude>false</Exclude>
      <Connections />
      <IsDynamized>false</IsDynamized>
      <ContiniuosUpdate>false</ContiniuosUpdate>
    </Parameter>
    <Parameter Name="Вертикальное выравнивание" ShortName="9220" Tag="9220" Role="VerticalAlign" Value="1">
      <ID TaskNumber="0" ItemID="9220" RawItemID="0" TypeHash="5" Path="" STType="HMI.VerticalAlignType" UIDType="Inner">
        <Owner TaskNumber="0" ItemID="9288" RawItemID="0" TypeHash="0" Path="" STType="" UIDType="Inner">
          <Owner TaskNumber="0" ItemID="9288" RawItemID="0" TypeHash="0" STType="" UIDType="Inner" />
        </Owner>
      </ID>
      <Parent TaskNumber="0" ItemID="9288" RawItemID="0" TypeHash="0" Path="" STType="" UIDType="Inner">
        <Owner TaskNumber="0" ItemID="9288" RawItemID="0" TypeHash="0" STType="" UIDType="Inner" />
      </Parent>
      <IsValueFromTheme>false</IsValueFromTheme>
      <HasSubTypeName>true</HasSubTypeName>
      <Exclude>false</Exclude>
      <Connections />
      <IsDynamized>false</IsDynamized>
      <ContiniuosUpdate>false</ContiniuosUpdate>
    </Parameter>
    <Parameter Name="Вид курсора" ShortName="9223" Tag="9223" Role="MouseCursorKind" Value="0">
      <ID TaskNumber="0" ItemID="9223" RawItemID="0" TypeHash="5" Path="" STType="HMI.MouseCursorKinds" UIDType="Inner">
        <Owner TaskNumber="0" ItemID="9288" RawItemID="0" TypeHash="0" Path="" STType="" UIDType="Inner">
          <Owner TaskNumber="0" ItemID="9288" RawItemID="0" TypeHash="0" STType="" UIDType="Inner" />
        </Owner>
      </ID>
      <Parent TaskNumber="0" ItemID="9288" RawItemID="0" TypeHash="0" Path="" STType="" UIDType="Inner">
        <Owner TaskNumber="0" ItemID="9288" RawItemID="0" TypeHash="0" STType="" UIDType="Inner" />
      </Parent>
      <IsValueFromTheme>false</IsValueFromTheme>
      <HasSubTypeName>true</HasSubTypeName>
      <Exclude>false</Exclude>
      <Connections />
      <IsDynamized>false</IsDynamized>
      <ContiniuosUpdate>false</ContiniuosUpdate>
    </Parameter>
    <Parameter Name="Текст" ShortName="9195" Tag="9195" Role="Text" Value="">
      <ID TaskNumber="0" ItemID="9195" RawItemID="0" TypeHash="4" Path="" STType="STRING" UIDType="Inner">
        <Owner TaskNumber="0" ItemID="9288" RawItemID="0" TypeHash="0" Path="" STType="" UIDType="Inner">
          <Owner TaskNumber="0" ItemID="9288" RawItemID="0" TypeHash="0" STType="" UIDType="Inner" />
        </Owner>
      </ID>
      <Parent TaskNumber="0" ItemID="9288" RawItemID="0" TypeHash="0" Path="" STType="" UIDType="Inner">
        <Owner TaskNumber="0" ItemID="9288" RawItemID="0" TypeHash="0" STType="" UIDType="Inner" />
      </Parent>
      <IsValueFromTheme>false</IsValueFromTheme>
      <HasSubTypeName>true</HasSubTypeName>
      <Exclude>false</Exclude>
      <Connections />
      <IsDynamized>false</IsDynamized>
      <ContiniuosUpdate>false</ContiniuosUpdate>
    </Parameter>
    <Parameter Name="Шрифт" ShortName="9196" Tag="9196" Role="FontName" Value="Tahoma">
      <ID TaskNumber="0" ItemID="9196" RawItemID="0" TypeHash="4" Path="" STType="STRING" UIDType="Inner">
        <Owner TaskNumber="0" ItemID="9288" RawItemID="0" TypeHash="0" Path="" STType="" UIDType="Inner">
          <Owner TaskNumber="0" ItemID="9288" RawItemID="0" TypeHash="0" STType="" UIDType="Inner" />
        </Owner>
      </ID>
      <Parent TaskNumber="0" ItemID="9288" RawItemID="0" TypeHash="0" Path="" STType="" UIDType="Inner">
        <Owner TaskNumber="0" ItemID="9288" RawItemID="0" TypeHash="0" STType="" UIDType="Inner" />
      </Parent>
      <IsValueFromTheme>false</IsValueFromTheme>
      <HasSubTypeName>true</HasSubTypeName>
      <Exclude>false</Exclude>
      <Connections />
      <IsDynamized>false</IsDynamized>
      <ContiniuosUpdate>false</ContiniuosUpdate>
    </Parameter>
    <Parameter Name="Размер текста" ShortName="9197" Tag="9197" Role="FontSize" Value="12">
      <ID TaskNumber="0" ItemID="9197" RawItemID="0" TypeHash="6" Path="" STType="BYTE" UIDType="Inner">
        <Owner TaskNumber="0" ItemID="9288" RawItemID="0" TypeHash="0" Path="" STType="" UIDType="Inner">
          <Owner TaskNumber="0" ItemID="9288" RawItemID="0" TypeHash="0" STType="" UIDType="Inner" />
        </Owner>
      </ID>
      <Parent TaskNumber="0" ItemID="9288" RawItemID="0" TypeHash="0" Path="" STType="" UIDType="Inner">
        <Owner TaskNumber="0" ItemID="9288" RawItemID="0" TypeHash="0" STType="" UIDType="Inner" />
      </Parent>
      <IsValueFromTheme>false</IsValueFromTheme>
      <HasSubTypeName>true</HasSubTypeName>
      <Exclude>false</Exclude>
      <Connections />
      <IsDynamized>false</IsDynamized>
      <ContiniuosUpdate>false</ContiniuosUpdate>
    </Parameter>
    <Parameter Name="Формат значений" ShortName="9198" Tag="9198" Role="ValueFormat" Value="">
      <ID TaskNumber="0" ItemID="9198" RawItemID="0" TypeHash="4" Path="" STType="STRING" UIDType="Inner">
        <Owner TaskNumber="0" ItemID="9288" RawItemID="0" TypeHash="0" Path="" STType="" UIDType="Inner">
          <Owner TaskNumber="0" ItemID="9288" RawItemID="0" TypeHash="0" STType="" UIDType="Inner" />
        </Owner>
      </ID>
      <Parent TaskNumber="0" ItemID="9288" RawItemID="0" TypeHash="0" Path="" STType="" UIDType="Inner">
        <Owner TaskNumber="0" ItemID="9288" RawItemID="0" TypeHash="0" STType="" UIDType="Inner" />
      </Parent>
      <IsValueFromTheme>false</IsValueFromTheme>
      <HasSubTypeName>true</HasSubTypeName>
      <Exclude>false</Exclude>
      <Connections />
      <IsDynamized>false</IsDynamized>
      <ContiniuosUpdate>false</ContiniuosUpdate>
    </Parameter>
    <Parameter Name="Горизонтальное выравнивание текста" ShortName="9199" Tag="9199" Role="TextHorizontalAlign" Value="1">
      <ID TaskNumber="0" ItemID="9199" RawItemID="0" TypeHash="5" Path="" STType="HMI.HorizontalAlignType" UIDType="Inner">
        <Owner TaskNumber="0" ItemID="9288" RawItemID="0" TypeHash="0" Path="" STType="" UIDType="Inner">
          <Owner TaskNumber="0" ItemID="9288" RawItemID="0" TypeHash="0" STType="" UIDType="Inner" />
        </Owner>
      </ID>
      <Parent TaskNumber="0" ItemID="9288" RawItemID="0" TypeHash="0" Path="" STType="" UIDType="Inner">
        <Owner TaskNumber="0" ItemID="9288" RawItemID="0" TypeHash="0" STType="" UIDType="Inner" />
      </Parent>
      <IsValueFromTheme>false</IsValueFromTheme>
      <HasSubTypeName>true</HasSubTypeName>
      <Exclude>false</Exclude>
      <Connections />
      <IsDynamized>false</IsDynamized>
      <ContiniuosUpdate>false</ContiniuosUpdate>
    </Parameter>
    <Parameter Name="Вертикальное выравнивание текста" ShortName="9200" Tag="9200" Role="TextVerticalAlign" Value="1">
      <ID TaskNumber="0" ItemID="9200" RawItemID="0" TypeHash="5" Path="" STType="HMI.VerticalAlignType" UIDType="Inner">
        <Owner TaskNumber="0" ItemID="9288" RawItemID="0" TypeHash="0" Path="" STType="" UIDType="Inner">
          <Owner TaskNumber="0" ItemID="9288" RawItemID="0" TypeHash="0" STType="" UIDType="Inner" />
        </Owner>
      </ID>
      <Parent TaskNumber="0" ItemID="9288" RawItemID="0" TypeHash="0" Path="" STType="" UIDType="Inner">
        <Owner TaskNumber="0" ItemID="9288" RawItemID="0" TypeHash="0" STType="" UIDType="Inner" />
      </Parent>
      <IsValueFromTheme>false</IsValueFromTheme>
      <HasSubTypeName>true</HasSubTypeName>
      <Exclude>false</Exclude>
      <Connections />
      <IsDynamized>false</IsDynamized>
      <ContiniuosUpdate>false</ContiniuosUpdate>
    </Parameter>
    <Parameter Name="Курсив" ShortName="9201" Tag="9201" Role="FontItalic" Value="False">
      <ID TaskNumber="0" ItemID="9201" RawItemID="0" TypeHash="3" Path="" STType="BOOL" UIDType="Inner">
        <Owner TaskNumber="0" ItemID="9288" RawItemID="0" TypeHash="0" Path="" STType="" UIDType="Inner">
          <Owner TaskNumber="0" ItemID="9288" RawItemID="0" TypeHash="0" STType="" UIDType="Inner" />
        </Owner>
      </ID>
      <Parent TaskNumber="0" ItemID="9288" RawItemID="0" TypeHash="0" Path="" STType="" UIDType="Inner">
        <Owner TaskNumber="0" ItemID="9288" RawItemID="0" TypeHash="0" STType="" UIDType="Inner" />
      </Parent>
      <IsValueFromTheme>false</IsValueFromTheme>
      <HasSubTypeName>true</HasSubTypeName>
      <Exclude>false</Exclude>
      <Connections />
      <IsDynamized>false</IsDynamized>
      <ContiniuosUpdate>false</ContiniuosUpdate>
    </Parameter>
    <Parameter Name="Жирный" ShortName="9202" Tag="9202" Role="FontBold" Value="False">
      <ID TaskNumber="0" ItemID="9202" RawItemID="0" TypeHash="3" Path="" STType="BOOL" UIDType="Inner">
        <Owner TaskNumber="0" ItemID="9288" RawItemID="0" TypeHash="0" Path="" STType="" UIDType="Inner">
          <Owner TaskNumber="0" ItemID="9288" RawItemID="0" TypeHash="0" STType="" UIDType="Inner" />
        </Owner>
      </ID>
      <Parent TaskNumber="0" ItemID="9288" RawItemID="0" TypeHash="0" Path="" STType="" UIDType="Inner">
        <Owner TaskNumber="0" ItemID="9288" RawItemID="0" TypeHash="0" STType="" UIDType="Inner" />
      </Parent>
      <IsValueFromTheme>false</IsValueFromTheme>
      <HasSubTypeName>true</HasSubTypeName>
      <Exclude>false</Exclude>
      <Connections />
      <IsDynamized>false</IsDynamized>
      <ContiniuosUpdate>false</ContiniuosUpdate>
    </Parameter>
    <Parameter Name="Многострочность" ShortName="9203" Tag="9203" Role="FontMultiline" Value="False">
      <ID TaskNumber="0" ItemID="9203" RawItemID="0" TypeHash="3" Path="" STType="BOOL" UIDType="Inner">
        <Owner TaskNumber="0" ItemID="9288" RawItemID="0" TypeHash="0" Path="" STType="" UIDType="Inner">
          <Owner TaskNumber="0" ItemID="9288" RawItemID="0" TypeHash="0" STType="" UIDType="Inner" />
        </Owner>
      </ID>
      <Parent TaskNumber="0" ItemID="9288" RawItemID="0" TypeHash="0" Path="" STType="" UIDType="Inner">
        <Owner TaskNumber="0" ItemID="9288" RawItemID="0" TypeHash="0" STType="" UIDType="Inner" />
      </Parent>
      <IsValueFromTheme>false</IsValueFromTheme>
      <HasSubTypeName>true</HasSubTypeName>
      <Exclude>false</Exclude>
      <Connections />
      <IsDynamized>false</IsDynamized>
      <ContiniuosUpdate>false</ContiniuosUpdate>
    </Parameter>
    <Parameter Name="Подчеркнутый" ShortName="9207" Tag="9207" Role="FontUnderlined" Value="False">
      <ID TaskNumber="0" ItemID="9207" RawItemID="0" TypeHash="3" Path="" STType="BOOL" UIDType="Inner">
        <Owner TaskNumber="0" ItemID="9288" RawItemID="0" TypeHash="0" Path="" STType="" UIDType="Inner">
          <Owner TaskNumber="0" ItemID="9288" RawItemID="0" TypeHash="0" STType="" UIDType="Inner" />
        </Owner>
      </ID>
      <Parent TaskNumber="0" ItemID="9288" RawItemID="0" TypeHash="0" Path="" STType="" UIDType="Inner">
        <Owner TaskNumber="0" ItemID="9288" RawItemID="0" TypeHash="0" STType="" UIDType="Inner" />
      </Parent>
      <IsValueFromTheme>false</IsValueFromTheme>
      <HasSubTypeName>true</HasSubTypeName>
      <Exclude>false</Exclude>
      <Connections />
      <IsDynamized>false</IsDynamized>
      <ContiniuosUpdate>false</ContiniuosUpdate>
    </Parameter>
    <Parameter Name="Радиус скругления" ShortName="9193" Tag="9193" Role="CornerRadius" Value="0">
      <ID TaskNumber="0" ItemID="9193" RawItemID="0" TypeHash="1" Path="" STType="LREAL" UIDType="Inner">
        <Owner TaskNumber="0" ItemID="9288" RawItemID="0" TypeHash="0" Path="" STType="" UIDType="Inner">
          <Owner TaskNumber="0" ItemID="9288" RawItemID="0" TypeHash="0" STType="" UIDType="Inner" />
        </Owner>
      </ID>
      <Parent TaskNumber="0" ItemID="9288" RawItemID="0" TypeHash="0" Path="" STType="" UIDType="Inner">
        <Owner TaskNumber="0" ItemID="9288" RawItemID="0" TypeHash="0" STType="" UIDType="Inner" />
      </Parent>
      <IsValueFromTheme>false</IsValueFromTheme>
      <HasSubTypeName>true</HasSubTypeName>
      <Exclude>false</Exclude>
      <Connections />
      <IsDynamized>false</IsDynamized>
      <ContiniuosUpdate>false</ContiniuosUpdate>
    </Parameter>
    <Parameter Name="Цвет текста" ShortName="9208" Tag="9208" Role="TextColor" Value="rgb(80,80,80)">
      <ID TaskNumber="0" ItemID="9208" RawItemID="0" TypeHash="4" Path="" STType="HMI.SolidColorType" UIDType="Inner">
        <Owner TaskNumber="0" ItemID="9288" RawItemID="0" TypeHash="0" Path="" STType="" UIDType="Inner">
          <Owner TaskNumber="0" ItemID="9288" RawItemID="0" TypeHash="0" STType="" UIDType="Inner" />
        </Owner>
      </ID>
      <Parent TaskNumber="0" ItemID="9288" RawItemID="0" TypeHash="0" Path="" STType="" UIDType="Inner">
        <Owner TaskNumber="0" ItemID="9288" RawItemID="0" TypeHash="0" STType="" UIDType="Inner" />
      </Parent>
      <IsValueFromTheme>false</IsValueFromTheme>
      <HasSubTypeName>true</HasSubTypeName>
      <Exclude>false</Exclude>
      <Connections />
      <IsDynamized>false</IsDynamized>
      <ContiniuosUpdate>false</ContiniuosUpdate>
    </Parameter>
    <Parameter Name="Отображение прокрутки" ShortName="9221" Tag="9221" Role="Overflow" Value="False">
      <ID TaskNumber="0" ItemID="9221" RawItemID="0" TypeHash="3" Path="" STType="BOOL" UIDType="Inner">
        <Owner TaskNumber="0" ItemID="9288" RawItemID="0" TypeHash="0" Path="" STType="" UIDType="Inner">
          <Owner TaskNumber="0" ItemID="9288" RawItemID="0" TypeHash="0" STType="" UIDType="Inner" />
        </Owner>
      </ID>
      <Parent TaskNumber="0" ItemID="9288" RawItemID="0" TypeHash="0" Path="" STType="" UIDType="Inner">
        <Owner TaskNumber="0" ItemID="9288" RawItemID="0" TypeHash="0" STType="" UIDType="Inner" />
      </Parent>
      <IsValueFromTheme>false</IsValueFromTheme>
      <HasSubTypeName>true</HasSubTypeName>
      <Exclude>false</Exclude>
      <Connections />
      <IsDynamized>false</IsDynamized>
      <ContiniuosUpdate>false</ContiniuosUpdate>
    </Parameter>
    <Parameter Name="XType" ShortName="XType" Tag="0" Role="XType" Value="1">
      <ID TaskNumber="0" ItemID="4294967295" RawItemID="0" TypeHash="5" Path="" STType="HMI.SizeType" UIDType="Inner" />
      <IsValueFromTheme>false</IsValueFromTheme>
      <HasSubTypeName>true</HasSubTypeName>
      <Exclude>false</Exclude>
      <IsDynamized>false</IsDynamized>
      <ContiniuosUpdate>false</ContiniuosUpdate>
    </Parameter>
    <Parameter Name="YType" ShortName="YType" Tag="0" Role="YType" Value="1">
      <ID TaskNumber="0" ItemID="4294967294" RawItemID="0" TypeHash="5" Path="" STType="HMI.SizeType" UIDType="Inner" />
      <IsValueFromTheme>false</IsValueFromTheme>
      <HasSubTypeName>true</HasSubTypeName>
      <Exclude>false</Exclude>
      <IsDynamized>false</IsDynamized>
      <ContiniuosUpdate>false</ContiniuosUpdate>
    </Parameter>
    <Parameter Name="ProportionType" ShortName="ProportionType" Tag="0" Role="ProportionType" Value="4">
      <ID TaskNumber="0" ItemID="4294967293" RawItemID="0" TypeHash="5" Path="" STType="HMI.ProportionType" UIDType="Inner" />
      <IsValueFromTheme>false</IsValueFromTheme>
      <HasSubTypeName>true</HasSubTypeName>
      <Exclude>false</Exclude>
      <IsDynamized>false</IsDynamized>
      <ContiniuosUpdate>false</ContiniuosUpdate>
    </Parameter>
    <Parameter Name="WidthType" ShortName="WidthType" Tag="0" Role="WidthType" Value="1">
      <ID TaskNumber="0" ItemID="4294967292" RawItemID="0" TypeHash="5" Path="" STType="HMI.SizeType" UIDType="Inner" />
      <IsValueFromTheme>false</IsValueFromTheme>
      <HasSubTypeName>true</HasSubTypeName>
      <Exclude>false</Exclude>
      <IsDynamized>false</IsDynamized>
      <ContiniuosUpdate>false</ContiniuosUpdate>
    </Parameter>
    <Parameter Name="HeightType" ShortName="HeightType" Tag="0" Role="HeightType" Value="1">
      <ID TaskNumber="0" ItemID="4294967291" RawItemID="0" TypeHash="5" Path="" STType="HMI.SizeType" UIDType="Inner" />
      <IsValueFromTheme>false</IsValueFromTheme>
      <HasSubTypeName>true</HasSubTypeName>
      <Exclude>false</Exclude>
      <IsDynamized>false</IsDynamized>
      <ContiniuosUpdate>false</ContiniuosUpdate>
    </Parameter>
  </Parameters>
  <ObjectId>0</ObjectId>
  <ServerTaskId>-1</ServerTaskId>
  <ServerTaskItemId>0</ServerTaskItemId>
  <InObjectInstance>false</InObjectInstance>
  <Role>TextOutput</Role>
  <HasConnections>false</HasConnections>
</Element>