<?xml version="1.0" encoding="utf-8"?>
<Element xmlns:xsi="http://www.w3.org/2001/XMLSchema-instance" xmlns:xsd="http://www.w3.org/2001/XMLSchema" Name="63423" ShortName="Температура тренд" Tag="63423" TreeObject="Тренды">
  <ID TaskNumber="0" ItemID="63423" RawItemID="0" TypeHash="0" Path="" STType="" UIDType="Inner">
    <Owner TaskNumber="0" ItemID="63423" RawItemID="0" TypeHash="0" STType="" UIDType="Inner" />
  </ID>
  <UsedSTTypes>
    <string>HMI.ResourceType</string>
    <string>DINT</string>
    <string>LREAL</string>
    <string>HMI.SolidColorType</string>
    <string>HMI.GradientColorType</string>
    <string>HMI.BorderStyleType</string>
    <string>STRING</string>
    <string>BOOL</string>
    <string>HMI.TileType</string>
    <string>HMI.HorizontalAlignType</string>
    <string>HMI.VerticalAlignType</string>
    <string>HMI.MouseCursorKinds</string>
    <string>HMI.SizeType</string>
    <string>HMI.ProportionType</string>
    <string>HMI.TrendPens</string>
    <string>HMI.TrendPen</string>
    <string>REF_TO</string>
    <string>INT</string>
    <string>HMI.LineJoin</string>
    <string>HMI.PenPointType</string>
  </UsedSTTypes>
  <Parameters>
    <Parameter Name="Образ" ShortName="63452" Tag="63452" Role="SkinResource" Value="">
      <ID TaskNumber="0" ItemID="63452" RawItemID="0" TypeHash="4" Path="" STType="HMI.ResourceType" UIDType="Inner">
        <Owner TaskNumber="0" ItemID="63423" RawItemID="0" TypeHash="0" Path="" STType="" UIDType="Inner">
          <Owner TaskNumber="0" ItemID="63423" RawItemID="0" TypeHash="0" STType="" UIDType="Inner" />
        </Owner>
      </ID>
      <Parent TaskNumber="0" ItemID="63423" RawItemID="0" TypeHash="0" Path="" STType="" UIDType="Inner">
        <Owner TaskNumber="0" ItemID="63423" RawItemID="0" TypeHash="0" STType="" UIDType="Inner" />
      </Parent>
      <IsValueFromTheme>false</IsValueFromTheme>
      <HasSubTypeName>true</HasSubTypeName>
      <Exclude>false</Exclude>
      <Connections />
      <IsDynamized>false</IsDynamized>
      <ContiniuosUpdate>false</ContiniuosUpdate>
    </Parameter>
    <Parameter Name="Порядок Z" ShortName="63428" Tag="63428" Role="Z" Value="0">
      <ID TaskNumber="0" ItemID="63428" RawItemID="0" TypeHash="6" Path="" STType="DINT" UIDType="Inner">
        <Owner TaskNumber="0" ItemID="63423" RawItemID="0" TypeHash="0" Path="" STType="" UIDType="Inner">
          <Owner TaskNumber="0" ItemID="63423" RawItemID="0" TypeHash="0" STType="" UIDType="Inner" />
        </Owner>
      </ID>
      <Parent TaskNumber="0" ItemID="63423" RawItemID="0" TypeHash="0" Path="" STType="" UIDType="Inner">
        <Owner TaskNumber="0" ItemID="63423" RawItemID="0" TypeHash="0" STType="" UIDType="Inner" />
      </Parent>
      <IsValueFromTheme>false</IsValueFromTheme>
      <HasSubTypeName>true</HasSubTypeName>
      <Exclude>false</Exclude>
      <Connections />
      <IsDynamized>false</IsDynamized>
      <ContiniuosUpdate>false</ContiniuosUpdate>
    </Parameter>
    <Parameter Name="Ширина" ShortName="63426" Tag="63426" Role="Width" Value="1920">
      <ID TaskNumber="0" ItemID="63426" RawItemID="0" TypeHash="1" Path="" STType="LREAL" UIDType="Inner">
        <Owner TaskNumber="0" ItemID="63423" RawItemID="0" TypeHash="0" Path="" STType="" UIDType="Inner">
          <Owner TaskNumber="0" ItemID="63423" RawItemID="0" TypeHash="0" STType="" UIDType="Inner" />
        </Owner>
      </ID>
      <Parent TaskNumber="0" ItemID="63423" RawItemID="0" TypeHash="0" Path="" STType="" UIDType="Inner">
        <Owner TaskNumber="0" ItemID="63423" RawItemID="0" TypeHash="0" STType="" UIDType="Inner" />
      </Parent>
      <IsValueFromTheme>false</IsValueFromTheme>
      <HasSubTypeName>true</HasSubTypeName>
      <Exclude>false</Exclude>
      <Connections />
      <IsDynamized>false</IsDynamized>
      <ContiniuosUpdate>false</ContiniuosUpdate>
    </Parameter>
    <Parameter Name="Высота" ShortName="63427" Tag="63427" Role="Height" Value="1080">
      <ID TaskNumber="0" ItemID="63427" RawItemID="0" TypeHash="1" Path="" STType="LREAL" UIDType="Inner">
        <Owner TaskNumber="0" ItemID="63423" RawItemID="0" TypeHash="0" Path="" STType="" UIDType="Inner">
          <Owner TaskNumber="0" ItemID="63423" RawItemID="0" TypeHash="0" STType="" UIDType="Inner" />
        </Owner>
      </ID>
      <Parent TaskNumber="0" ItemID="63423" RawItemID="0" TypeHash="0" Path="" STType="" UIDType="Inner">
        <Owner TaskNumber="0" ItemID="63423" RawItemID="0" TypeHash="0" STType="" UIDType="Inner" />
      </Parent>
      <IsValueFromTheme>false</IsValueFromTheme>
      <HasSubTypeName>true</HasSubTypeName>
      <Exclude>false</Exclude>
      <Connections />
      <IsDynamized>false</IsDynamized>
      <ContiniuosUpdate>false</ContiniuosUpdate>
    </Parameter>
    <Parameter Name="Угол поворота" ShortName="63432" Tag="63432" Role="Angle" Value="0">
      <ID TaskNumber="0" ItemID="63432" RawItemID="0" TypeHash="1" Path="" STType="LREAL" UIDType="Inner">
        <Owner TaskNumber="0" ItemID="63423" RawItemID="0" TypeHash="0" Path="" STType="" UIDType="Inner">
          <Owner TaskNumber="0" ItemID="63423" RawItemID="0" TypeHash="0" STType="" UIDType="Inner" />
        </Owner>
      </ID>
      <Parent TaskNumber="0" ItemID="63423" RawItemID="0" TypeHash="0" Path="" STType="" UIDType="Inner">
        <Owner TaskNumber="0" ItemID="63423" RawItemID="0" TypeHash="0" STType="" UIDType="Inner" />
      </Parent>
      <IsValueFromTheme>false</IsValueFromTheme>
      <HasSubTypeName>true</HasSubTypeName>
      <Exclude>false</Exclude>
      <Connections />
      <IsDynamized>false</IsDynamized>
      <ContiniuosUpdate>false</ContiniuosUpdate>
    </Parameter>
    <Parameter Name="Масштаб X" ShortName="63433" Tag="63433" Role="ScaleX" Value="1">
      <ID TaskNumber="0" ItemID="63433" RawItemID="0" TypeHash="1" Path="" STType="LREAL" UIDType="Inner">
        <Owner TaskNumber="0" ItemID="63423" RawItemID="0" TypeHash="0" Path="" STType="" UIDType="Inner">
          <Owner TaskNumber="0" ItemID="63423" RawItemID="0" TypeHash="0" STType="" UIDType="Inner" />
        </Owner>
      </ID>
      <Parent TaskNumber="0" ItemID="63423" RawItemID="0" TypeHash="0" Path="" STType="" UIDType="Inner">
        <Owner TaskNumber="0" ItemID="63423" RawItemID="0" TypeHash="0" STType="" UIDType="Inner" />
      </Parent>
      <IsValueFromTheme>false</IsValueFromTheme>
      <HasSubTypeName>true</HasSubTypeName>
      <Exclude>false</Exclude>
      <Connections />
      <IsDynamized>false</IsDynamized>
      <ContiniuosUpdate>false</ContiniuosUpdate>
    </Parameter>
    <Parameter Name="Масштаб Y" ShortName="63434" Tag="63434" Role="ScaleY" Value="1">
      <ID TaskNumber="0" ItemID="63434" RawItemID="0" TypeHash="1" Path="" STType="LREAL" UIDType="Inner">
        <Owner TaskNumber="0" ItemID="63423" RawItemID="0" TypeHash="0" Path="" STType="" UIDType="Inner">
          <Owner TaskNumber="0" ItemID="63423" RawItemID="0" TypeHash="0" STType="" UIDType="Inner" />
        </Owner>
      </ID>
      <Parent TaskNumber="0" ItemID="63423" RawItemID="0" TypeHash="0" Path="" STType="" UIDType="Inner">
        <Owner TaskNumber="0" ItemID="63423" RawItemID="0" TypeHash="0" STType="" UIDType="Inner" />
      </Parent>
      <IsValueFromTheme>false</IsValueFromTheme>
      <HasSubTypeName>true</HasSubTypeName>
      <Exclude>false</Exclude>
      <Connections />
      <IsDynamized>false</IsDynamized>
      <ContiniuosUpdate>false</ContiniuosUpdate>
    </Parameter>
    <Parameter Name="Толщина рамки" ShortName="63435" Tag="63435" Role="BorderThickness" Value="1">
      <ID TaskNumber="0" ItemID="63435" RawItemID="0" TypeHash="1" Path="" STType="LREAL" UIDType="Inner">
        <Owner TaskNumber="0" ItemID="63423" RawItemID="0" TypeHash="0" Path="" STType="" UIDType="Inner">
          <Owner TaskNumber="0" ItemID="63423" RawItemID="0" TypeHash="0" STType="" UIDType="Inner" />
        </Owner>
      </ID>
      <Parent TaskNumber="0" ItemID="63423" RawItemID="0" TypeHash="0" Path="" STType="" UIDType="Inner">
        <Owner TaskNumber="0" ItemID="63423" RawItemID="0" TypeHash="0" STType="" UIDType="Inner" />
      </Parent>
      <IsValueFromTheme>false</IsValueFromTheme>
      <HasSubTypeName>true</HasSubTypeName>
      <Exclude>false</Exclude>
      <Connections />
      <IsDynamized>false</IsDynamized>
      <ContiniuosUpdate>false</ContiniuosUpdate>
    </Parameter>
    <Parameter Name="Цвет рамки" ShortName="63436" Tag="63436" Role="BorderColor" Value="rgb(128,128,128)">
      <ID TaskNumber="0" ItemID="63436" RawItemID="0" TypeHash="4" Path="" STType="HMI.SolidColorType" UIDType="Inner">
        <Owner TaskNumber="0" ItemID="63423" RawItemID="0" TypeHash="0" Path="" STType="" UIDType="Inner">
          <Owner TaskNumber="0" ItemID="63423" RawItemID="0" TypeHash="0" STType="" UIDType="Inner" />
        </Owner>
      </ID>
      <Parent TaskNumber="0" ItemID="63423" RawItemID="0" TypeHash="0" Path="" STType="" UIDType="Inner">
        <Owner TaskNumber="0" ItemID="63423" RawItemID="0" TypeHash="0" STType="" UIDType="Inner" />
      </Parent>
      <IsValueFromTheme>false</IsValueFromTheme>
      <HasSubTypeName>true</HasSubTypeName>
      <Exclude>false</Exclude>
      <Connections />
      <IsDynamized>false</IsDynamized>
      <ContiniuosUpdate>false</ContiniuosUpdate>
    </Parameter>
    <Parameter Name="Заливка фона" ShortName="63437" Tag="63437" Role="BackgroundColor" Value="rgb(245,240,245)">
      <ID TaskNumber="0" ItemID="63437" RawItemID="0" TypeHash="4" Path="" STType="HMI.GradientColorType" UIDType="Inner">
        <Owner TaskNumber="0" ItemID="63423" RawItemID="0" TypeHash="0" Path="" STType="" UIDType="Inner">
          <Owner TaskNumber="0" ItemID="63423" RawItemID="0" TypeHash="0" STType="" UIDType="Inner" />
        </Owner>
      </ID>
      <Parent TaskNumber="0" ItemID="63423" RawItemID="0" TypeHash="0" Path="" STType="" UIDType="Inner">
        <Owner TaskNumber="0" ItemID="63423" RawItemID="0" TypeHash="0" STType="" UIDType="Inner" />
      </Parent>
      <IsValueFromTheme>false</IsValueFromTheme>
      <HasSubTypeName>true</HasSubTypeName>
      <Exclude>false</Exclude>
      <Connections />
      <IsDynamized>false</IsDynamized>
      <ContiniuosUpdate>false</ContiniuosUpdate>
    </Parameter>
    <Parameter Name="Прозрачность" ShortName="63438" Tag="63438" Role="Opacity" Value="100">
      <ID TaskNumber="0" ItemID="63438" RawItemID="0" TypeHash="1" Path="" STType="LREAL" UIDType="Inner">
        <Owner TaskNumber="0" ItemID="63423" RawItemID="0" TypeHash="0" Path="" STType="" UIDType="Inner">
          <Owner TaskNumber="0" ItemID="63423" RawItemID="0" TypeHash="0" STType="" UIDType="Inner" />
        </Owner>
      </ID>
      <Parent TaskNumber="0" ItemID="63423" RawItemID="0" TypeHash="0" Path="" STType="" UIDType="Inner">
        <Owner TaskNumber="0" ItemID="63423" RawItemID="0" TypeHash="0" STType="" UIDType="Inner" />
      </Parent>
      <IsValueFromTheme>false</IsValueFromTheme>
      <HasSubTypeName>true</HasSubTypeName>
      <Exclude>false</Exclude>
      <Connections />
      <IsDynamized>false</IsDynamized>
      <ContiniuosUpdate>false</ContiniuosUpdate>
    </Parameter>
    <Parameter Name="Стиль рамки" ShortName="63439" Tag="63439" Role="BorderStyle" Value="0">
      <ID TaskNumber="0" ItemID="63439" RawItemID="0" TypeHash="5" Path="" STType="HMI.BorderStyleType" UIDType="Inner">
        <Owner TaskNumber="0" ItemID="63423" RawItemID="0" TypeHash="0" Path="" STType="" UIDType="Inner">
          <Owner TaskNumber="0" ItemID="63423" RawItemID="0" TypeHash="0" STType="" UIDType="Inner" />
        </Owner>
      </ID>
      <Parent TaskNumber="0" ItemID="63423" RawItemID="0" TypeHash="0" Path="" STType="" UIDType="Inner">
        <Owner TaskNumber="0" ItemID="63423" RawItemID="0" TypeHash="0" STType="" UIDType="Inner" />
      </Parent>
      <IsValueFromTheme>false</IsValueFromTheme>
      <HasSubTypeName>true</HasSubTypeName>
      <Exclude>false</Exclude>
      <Connections />
      <IsDynamized>false</IsDynamized>
      <ContiniuosUpdate>false</ContiniuosUpdate>
    </Parameter>
    <Parameter Name="Всплывающая подсказка" ShortName="63440" Tag="63440" Role="ToolTip" Value="">
      <ID TaskNumber="0" ItemID="63440" RawItemID="0" TypeHash="4" Path="" STType="STRING" UIDType="Inner">
        <Owner TaskNumber="0" ItemID="63423" RawItemID="0" TypeHash="0" Path="" STType="" UIDType="Inner">
          <Owner TaskNumber="0" ItemID="63423" RawItemID="0" TypeHash="0" STType="" UIDType="Inner" />
        </Owner>
      </ID>
      <Parent TaskNumber="0" ItemID="63423" RawItemID="0" TypeHash="0" Path="" STType="" UIDType="Inner">
        <Owner TaskNumber="0" ItemID="63423" RawItemID="0" TypeHash="0" STType="" UIDType="Inner" />
      </Parent>
      <IsValueFromTheme>false</IsValueFromTheme>
      <HasSubTypeName>true</HasSubTypeName>
      <Exclude>false</Exclude>
      <Connections />
      <IsDynamized>false</IsDynamized>
      <ContiniuosUpdate>false</ContiniuosUpdate>
    </Parameter>
    <Parameter Name="Мигание" ShortName="63441" Tag="63441" Role="Flash" Value="False">
      <ID TaskNumber="0" ItemID="63441" RawItemID="0" TypeHash="3" Path="" STType="BOOL" UIDType="Inner">
        <Owner TaskNumber="0" ItemID="63423" RawItemID="0" TypeHash="0" Path="" STType="" UIDType="Inner">
          <Owner TaskNumber="0" ItemID="63423" RawItemID="0" TypeHash="0" STType="" UIDType="Inner" />
        </Owner>
      </ID>
      <Parent TaskNumber="0" ItemID="63423" RawItemID="0" TypeHash="0" Path="" STType="" UIDType="Inner">
        <Owner TaskNumber="0" ItemID="63423" RawItemID="0" TypeHash="0" STType="" UIDType="Inner" />
      </Parent>
      <IsValueFromTheme>false</IsValueFromTheme>
      <HasSubTypeName>true</HasSubTypeName>
      <Exclude>false</Exclude>
      <Connections />
      <IsDynamized>false</IsDynamized>
      <ContiniuosUpdate>false</ContiniuosUpdate>
    </Parameter>
    <Parameter Name="Размер тени" ShortName="63442" Tag="63442" Role="ShadowSize" Value="0">
      <ID TaskNumber="0" ItemID="63442" RawItemID="0" TypeHash="6" Path="" STType="DINT" UIDType="Inner">
        <Owner TaskNumber="0" ItemID="63423" RawItemID="0" TypeHash="0" Path="" STType="" UIDType="Inner">
          <Owner TaskNumber="0" ItemID="63423" RawItemID="0" TypeHash="0" STType="" UIDType="Inner" />
        </Owner>
      </ID>
      <Parent TaskNumber="0" ItemID="63423" RawItemID="0" TypeHash="0" Path="" STType="" UIDType="Inner">
        <Owner TaskNumber="0" ItemID="63423" RawItemID="0" TypeHash="0" STType="" UIDType="Inner" />
      </Parent>
      <IsValueFromTheme>false</IsValueFromTheme>
      <HasSubTypeName>true</HasSubTypeName>
      <Exclude>false</Exclude>
      <Connections />
      <IsDynamized>false</IsDynamized>
      <ContiniuosUpdate>false</ContiniuosUpdate>
    </Parameter>
    <Parameter Name="Цвет тени" ShortName="63443" Tag="63443" Role="ShadowColor" Value="rgb(240,240,240)">
      <ID TaskNumber="0" ItemID="63443" RawItemID="0" TypeHash="4" Path="" STType="HMI.SolidColorType" UIDType="Inner">
        <Owner TaskNumber="0" ItemID="63423" RawItemID="0" TypeHash="0" Path="" STType="" UIDType="Inner">
          <Owner TaskNumber="0" ItemID="63423" RawItemID="0" TypeHash="0" STType="" UIDType="Inner" />
        </Owner>
      </ID>
      <Parent TaskNumber="0" ItemID="63423" RawItemID="0" TypeHash="0" Path="" STType="" UIDType="Inner">
        <Owner TaskNumber="0" ItemID="63423" RawItemID="0" TypeHash="0" STType="" UIDType="Inner" />
      </Parent>
      <IsValueFromTheme>false</IsValueFromTheme>
      <HasSubTypeName>true</HasSubTypeName>
      <Exclude>false</Exclude>
      <Connections />
      <IsDynamized>false</IsDynamized>
      <ContiniuosUpdate>false</ContiniuosUpdate>
    </Parameter>
    <Parameter Name="Изображение фона" ShortName="63444" Tag="63444" Role="Resource" Value="">
      <ID TaskNumber="0" ItemID="63444" RawItemID="0" TypeHash="4" Path="" STType="HMI.ResourceType" UIDType="Inner">
        <Owner TaskNumber="0" ItemID="63423" RawItemID="0" TypeHash="0" Path="" STType="" UIDType="Inner">
          <Owner TaskNumber="0" ItemID="63423" RawItemID="0" TypeHash="0" STType="" UIDType="Inner" />
        </Owner>
      </ID>
      <Parent TaskNumber="0" ItemID="63423" RawItemID="0" TypeHash="0" Path="" STType="" UIDType="Inner">
        <Owner TaskNumber="0" ItemID="63423" RawItemID="0" TypeHash="0" STType="" UIDType="Inner" />
      </Parent>
      <IsValueFromTheme>false</IsValueFromTheme>
      <HasSubTypeName>true</HasSubTypeName>
      <Exclude>false</Exclude>
      <Connections />
      <IsDynamized>false</IsDynamized>
      <ContiniuosUpdate>false</ContiniuosUpdate>
    </Parameter>
    <Parameter Name="Замостка фона" ShortName="63445" Tag="63445" Role="BackgroundTile" Value="2">
      <ID TaskNumber="0" ItemID="63445" RawItemID="0" TypeHash="5" Path="" STType="HMI.TileType" UIDType="Inner">
        <Owner TaskNumber="0" ItemID="63423" RawItemID="0" TypeHash="0" Path="" STType="" UIDType="Inner">
          <Owner TaskNumber="0" ItemID="63423" RawItemID="0" TypeHash="0" STType="" UIDType="Inner" />
        </Owner>
      </ID>
      <Parent TaskNumber="0" ItemID="63423" RawItemID="0" TypeHash="0" Path="" STType="" UIDType="Inner">
        <Owner TaskNumber="0" ItemID="63423" RawItemID="0" TypeHash="0" STType="" UIDType="Inner" />
      </Parent>
      <IsValueFromTheme>false</IsValueFromTheme>
      <HasSubTypeName>true</HasSubTypeName>
      <Exclude>false</Exclude>
      <Connections />
      <IsDynamized>false</IsDynamized>
      <ContiniuosUpdate>false</ContiniuosUpdate>
    </Parameter>
    <Parameter Name="Видимость" ShortName="63448" Tag="63448" Role="IsVisible" Value="True">
      <ID TaskNumber="0" ItemID="63448" RawItemID="0" TypeHash="3" Path="" STType="BOOL" UIDType="Inner">
        <Owner TaskNumber="0" ItemID="63423" RawItemID="0" TypeHash="0" Path="" STType="" UIDType="Inner">
          <Owner TaskNumber="0" ItemID="63423" RawItemID="0" TypeHash="0" STType="" UIDType="Inner" />
        </Owner>
      </ID>
      <Parent TaskNumber="0" ItemID="63423" RawItemID="0" TypeHash="0" Path="" STType="" UIDType="Inner">
        <Owner TaskNumber="0" ItemID="63423" RawItemID="0" TypeHash="0" STType="" UIDType="Inner" />
      </Parent>
      <IsValueFromTheme>false</IsValueFromTheme>
      <HasSubTypeName>true</HasSubTypeName>
      <Exclude>false</Exclude>
      <Connections />
      <IsDynamized>false</IsDynamized>
      <ContiniuosUpdate>false</ContiniuosUpdate>
    </Parameter>
    <Parameter Name="Скрывать при отсутствии прав на управление" ShortName="63449" Tag="63449" Role="HideIfDenyControl" Value="False">
      <ID TaskNumber="0" ItemID="63449" RawItemID="0" TypeHash="3" Path="" STType="BOOL" UIDType="Inner">
        <Owner TaskNumber="0" ItemID="63423" RawItemID="0" TypeHash="0" Path="" STType="" UIDType="Inner">
          <Owner TaskNumber="0" ItemID="63423" RawItemID="0" TypeHash="0" STType="" UIDType="Inner" />
        </Owner>
      </ID>
      <Parent TaskNumber="0" ItemID="63423" RawItemID="0" TypeHash="0" Path="" STType="" UIDType="Inner">
        <Owner TaskNumber="0" ItemID="63423" RawItemID="0" TypeHash="0" STType="" UIDType="Inner" />
      </Parent>
      <IsValueFromTheme>false</IsValueFromTheme>
      <HasSubTypeName>true</HasSubTypeName>
      <Exclude>false</Exclude>
      <Connections />
      <IsDynamized>false</IsDynamized>
      <ContiniuosUpdate>false</ContiniuosUpdate>
    </Parameter>
    <Parameter Name="Активность" ShortName="63450" Tag="63450" Role="IsEnabled" Value="True">
      <ID TaskNumber="0" ItemID="63450" RawItemID="0" TypeHash="3" Path="" STType="BOOL" UIDType="Inner">
        <Owner TaskNumber="0" ItemID="63423" RawItemID="0" TypeHash="0" Path="" STType="" UIDType="Inner">
          <Owner TaskNumber="0" ItemID="63423" RawItemID="0" TypeHash="0" STType="" UIDType="Inner" />
        </Owner>
      </ID>
      <Parent TaskNumber="0" ItemID="63423" RawItemID="0" TypeHash="0" Path="" STType="" UIDType="Inner">
        <Owner TaskNumber="0" ItemID="63423" RawItemID="0" TypeHash="0" STType="" UIDType="Inner" />
      </Parent>
      <IsValueFromTheme>false</IsValueFromTheme>
      <HasSubTypeName>true</HasSubTypeName>
      <Exclude>false</Exclude>
      <Connections />
      <IsDynamized>false</IsDynamized>
      <ContiniuosUpdate>false</ContiniuosUpdate>
    </Parameter>
    <Parameter Name="Клавиатурный индекс" ShortName="63451" Tag="63451" Role="TabIndex" Value="0">
      <ID TaskNumber="0" ItemID="63451" RawItemID="0" TypeHash="6" Path="" STType="DINT" UIDType="Inner">
        <Owner TaskNumber="0" ItemID="63423" RawItemID="0" TypeHash="0" Path="" STType="" UIDType="Inner">
          <Owner TaskNumber="0" ItemID="63423" RawItemID="0" TypeHash="0" STType="" UIDType="Inner" />
        </Owner>
      </ID>
      <Parent TaskNumber="0" ItemID="63423" RawItemID="0" TypeHash="0" Path="" STType="" UIDType="Inner">
        <Owner TaskNumber="0" ItemID="63423" RawItemID="0" TypeHash="0" STType="" UIDType="Inner" />
      </Parent>
      <IsValueFromTheme>false</IsValueFromTheme>
      <HasSubTypeName>true</HasSubTypeName>
      <Exclude>false</Exclude>
      <Connections />
      <IsDynamized>false</IsDynamized>
      <ContiniuosUpdate>false</ContiniuosUpdate>
    </Parameter>
    <Parameter Name="Координата X" ShortName="63446" Tag="63446" Role="X" Value="0">
      <ID TaskNumber="0" ItemID="63446" RawItemID="0" TypeHash="1" Path="" STType="LREAL" UIDType="Inner">
        <Owner TaskNumber="0" ItemID="63423" RawItemID="0" TypeHash="0" Path="" STType="" UIDType="Inner">
          <Owner TaskNumber="0" ItemID="63423" RawItemID="0" TypeHash="0" STType="" UIDType="Inner" />
        </Owner>
      </ID>
      <Parent TaskNumber="0" ItemID="63423" RawItemID="0" TypeHash="0" Path="" STType="" UIDType="Inner">
        <Owner TaskNumber="0" ItemID="63423" RawItemID="0" TypeHash="0" STType="" UIDType="Inner" />
      </Parent>
      <IsValueFromTheme>false</IsValueFromTheme>
      <HasSubTypeName>true</HasSubTypeName>
      <Exclude>false</Exclude>
      <Connections />
      <IsDynamized>false</IsDynamized>
      <ContiniuosUpdate>false</ContiniuosUpdate>
    </Parameter>
    <Parameter Name="Координата Y" ShortName="63447" Tag="63447" Role="Y" Value="0">
      <ID TaskNumber="0" ItemID="63447" RawItemID="0" TypeHash="1" Path="" STType="LREAL" UIDType="Inner">
        <Owner TaskNumber="0" ItemID="63423" RawItemID="0" TypeHash="0" Path="" STType="" UIDType="Inner">
          <Owner TaskNumber="0" ItemID="63423" RawItemID="0" TypeHash="0" STType="" UIDType="Inner" />
        </Owner>
      </ID>
      <Parent TaskNumber="0" ItemID="63423" RawItemID="0" TypeHash="0" Path="" STType="" UIDType="Inner">
        <Owner TaskNumber="0" ItemID="63423" RawItemID="0" TypeHash="0" STType="" UIDType="Inner" />
      </Parent>
      <IsValueFromTheme>false</IsValueFromTheme>
      <HasSubTypeName>true</HasSubTypeName>
      <Exclude>false</Exclude>
      <Connections />
      <IsDynamized>false</IsDynamized>
      <ContiniuosUpdate>false</ContiniuosUpdate>
    </Parameter>
    <Parameter Name="Горизонтальное выравнивание" ShortName="63429" Tag="63429" Role="HorizontalAlign" Value="1">
      <ID TaskNumber="0" ItemID="63429" RawItemID="0" TypeHash="5" Path="" STType="HMI.HorizontalAlignType" UIDType="Inner">
        <Owner TaskNumber="0" ItemID="63423" RawItemID="0" TypeHash="0" Path="" STType="" UIDType="Inner">
          <Owner TaskNumber="0" ItemID="63423" RawItemID="0" TypeHash="0" STType="" UIDType="Inner" />
        </Owner>
      </ID>
      <Parent TaskNumber="0" ItemID="63423" RawItemID="0" TypeHash="0" Path="" STType="" UIDType="Inner">
        <Owner TaskNumber="0" ItemID="63423" RawItemID="0" TypeHash="0" STType="" UIDType="Inner" />
      </Parent>
      <IsValueFromTheme>false</IsValueFromTheme>
      <HasSubTypeName>true</HasSubTypeName>
      <Exclude>false</Exclude>
      <Connections />
      <IsDynamized>false</IsDynamized>
      <ContiniuosUpdate>false</ContiniuosUpdate>
    </Parameter>
    <Parameter Name="Вертикальное выравнивание" ShortName="63430" Tag="63430" Role="VerticalAlign" Value="1">
      <ID TaskNumber="0" ItemID="63430" RawItemID="0" TypeHash="5" Path="" STType="HMI.VerticalAlignType" UIDType="Inner">
        <Owner TaskNumber="0" ItemID="63423" RawItemID="0" TypeHash="0" Path="" STType="" UIDType="Inner">
          <Owner TaskNumber="0" ItemID="63423" RawItemID="0" TypeHash="0" STType="" UIDType="Inner" />
        </Owner>
      </ID>
      <Parent TaskNumber="0" ItemID="63423" RawItemID="0" TypeHash="0" Path="" STType="" UIDType="Inner">
        <Owner TaskNumber="0" ItemID="63423" RawItemID="0" TypeHash="0" STType="" UIDType="Inner" />
      </Parent>
      <IsValueFromTheme>false</IsValueFromTheme>
      <HasSubTypeName>true</HasSubTypeName>
      <Exclude>false</Exclude>
      <Connections />
      <IsDynamized>false</IsDynamized>
      <ContiniuosUpdate>false</ContiniuosUpdate>
    </Parameter>
    <Parameter Name="Вид курсора" ShortName="63431" Tag="63431" Role="MouseCursorKind" Value="0">
      <ID TaskNumber="0" ItemID="63431" RawItemID="0" TypeHash="5" Path="" STType="HMI.MouseCursorKinds" UIDType="Inner">
        <Owner TaskNumber="0" ItemID="63423" RawItemID="0" TypeHash="0" Path="" STType="" UIDType="Inner">
          <Owner TaskNumber="0" ItemID="63423" RawItemID="0" TypeHash="0" STType="" UIDType="Inner" />
        </Owner>
      </ID>
      <Parent TaskNumber="0" ItemID="63423" RawItemID="0" TypeHash="0" Path="" STType="" UIDType="Inner">
        <Owner TaskNumber="0" ItemID="63423" RawItemID="0" TypeHash="0" STType="" UIDType="Inner" />
      </Parent>
      <IsValueFromTheme>false</IsValueFromTheme>
      <HasSubTypeName>true</HasSubTypeName>
      <Exclude>false</Exclude>
      <Connections />
      <IsDynamized>false</IsDynamized>
      <ContiniuosUpdate>false</ContiniuosUpdate>
    </Parameter>
    <Parameter Name="XType" ShortName="XType" Tag="0" Role="XType" Value="1">
      <ID TaskNumber="0" ItemID="4294967283" RawItemID="0" TypeHash="5" Path="" STType="HMI.SizeType" UIDType="Inner" />
      <IsValueFromTheme>false</IsValueFromTheme>
      <HasSubTypeName>true</HasSubTypeName>
      <Exclude>false</Exclude>
      <IsDynamized>false</IsDynamized>
      <ContiniuosUpdate>false</ContiniuosUpdate>
    </Parameter>
    <Parameter Name="YType" ShortName="YType" Tag="0" Role="YType" Value="1">
      <ID TaskNumber="0" ItemID="4294967279" RawItemID="0" TypeHash="5" Path="" STType="HMI.SizeType" UIDType="Inner" />
      <IsValueFromTheme>false</IsValueFromTheme>
      <HasSubTypeName>true</HasSubTypeName>
      <Exclude>false</Exclude>
      <IsDynamized>false</IsDynamized>
      <ContiniuosUpdate>false</ContiniuosUpdate>
    </Parameter>
    <Parameter Name="ProportionType" ShortName="ProportionType" Tag="0" Role="ProportionType" Value="4">
      <ID TaskNumber="0" ItemID="4294967278" RawItemID="0" TypeHash="5" Path="" STType="HMI.ProportionType" UIDType="Inner" />
      <IsValueFromTheme>false</IsValueFromTheme>
      <HasSubTypeName>true</HasSubTypeName>
      <Exclude>false</Exclude>
      <IsDynamized>false</IsDynamized>
      <ContiniuosUpdate>false</ContiniuosUpdate>
    </Parameter>
    <Parameter Name="WidthType" ShortName="WidthType" Tag="0" Role="WidthType" Value="1">
      <ID TaskNumber="0" ItemID="4294967277" RawItemID="0" TypeHash="5" Path="" STType="HMI.SizeType" UIDType="Inner" />
      <IsValueFromTheme>false</IsValueFromTheme>
      <HasSubTypeName>true</HasSubTypeName>
      <Exclude>false</Exclude>
      <IsDynamized>false</IsDynamized>
      <ContiniuosUpdate>false</ContiniuosUpdate>
    </Parameter>
    <Parameter Name="HeightType" ShortName="HeightType" Tag="0" Role="HeightType" Value="1">
      <ID TaskNumber="0" ItemID="4294967276" RawItemID="0" TypeHash="5" Path="" STType="HMI.SizeType" UIDType="Inner" />
      <IsValueFromTheme>false</IsValueFromTheme>
      <HasSubTypeName>true</HasSubTypeName>
      <Exclude>false</Exclude>
      <IsDynamized>false</IsDynamized>
      <ContiniuosUpdate>false</ContiniuosUpdate>
    </Parameter>
  </Parameters>
  <Elements>
    <Element Name="63532" ShortName="Тренд 1" Tag="63532" TreeObject="Тренды">
      <ID TaskNumber="0" ItemID="63532" RawItemID="0" TypeHash="0" Path="" STType="" UIDType="Inner">
        <Owner TaskNumber="0" ItemID="63532" RawItemID="0" TypeHash="0" STType="" UIDType="Inner" />
      </ID>
      <Parent TaskNumber="0" ItemID="63423" RawItemID="0" TypeHash="0" Path="" STType="" UIDType="Inner">
        <Owner TaskNumber="0" ItemID="63423" RawItemID="0" TypeHash="0" STType="" UIDType="Inner" />
      </Parent>
      <UsedSTTypes>
        <string>HMI.ResourceType</string>
        <string>DINT</string>
        <string>LREAL</string>
        <string>HMI.TrendPens</string>
        <string>HMI.TrendPen</string>
        <string>STRING</string>
        <string>HMI.SolidColorType</string>
        <string>HMI.BorderStyleType</string>
        <string>REF_TO</string>
        <string>INT</string>
        <string>BOOL</string>
        <string>HMI.LineJoin</string>
        <string>HMI.PenPointType</string>
        <string>HMI.SizeType</string>
      </UsedSTTypes>
      <TypeID TaskNumber="0" ItemID="6818" RawItemID="0" TypeHash="0" Path="" STType="" UIDType="Inner">
        <Owner TaskNumber="0" ItemID="6818" RawItemID="0" TypeHash="0" STType="" UIDType="Inner" />
      </TypeID>
      <Parameters>
        <Parameter Name="Образ" ShortName="63541" Tag="63541" Role="SkinResource" Value="">
          <ID TaskNumber="0" ItemID="63541" RawItemID="0" TypeHash="4" Path="" STType="HMI.ResourceType" UIDType="Inner">
            <Owner TaskNumber="0" ItemID="63532" RawItemID="0" TypeHash="0" Path="" STType="" UIDType="Inner">
              <Owner TaskNumber="0" ItemID="63532" RawItemID="0" TypeHash="0" STType="" UIDType="Inner" />
            </Owner>
          </ID>
          <Parent TaskNumber="0" ItemID="63532" RawItemID="0" TypeHash="0" Path="" STType="" UIDType="Inner">
            <Owner TaskNumber="0" ItemID="63532" RawItemID="0" TypeHash="0" STType="" UIDType="Inner" />
          </Parent>
          <IsValueFromTheme>false</IsValueFromTheme>
          <HasSubTypeName>true</HasSubTypeName>
          <Exclude>false</Exclude>
          <Connections />
          <IsDynamized>false</IsDynamized>
          <ContiniuosUpdate>false</ContiniuosUpdate>
        </Parameter>
        <Parameter Name="Порядок Z" ShortName="63536" Tag="63536" Role="Z" Value="1">
          <ID TaskNumber="0" ItemID="63536" RawItemID="0" TypeHash="6" Path="" STType="DINT" UIDType="Inner">
            <Owner TaskNumber="0" ItemID="63532" RawItemID="0" TypeHash="0" Path="" STType="" UIDType="Inner">
              <Owner TaskNumber="0" ItemID="63532" RawItemID="0" TypeHash="0" STType="" UIDType="Inner" />
            </Owner>
          </ID>
          <Parent TaskNumber="0" ItemID="63532" RawItemID="0" TypeHash="0" Path="" STType="" UIDType="Inner">
            <Owner TaskNumber="0" ItemID="63532" RawItemID="0" TypeHash="0" STType="" UIDType="Inner" />
          </Parent>
          <IsValueFromTheme>false</IsValueFromTheme>
          <HasSubTypeName>true</HasSubTypeName>
          <Exclude>false</Exclude>
          <Connections />
          <IsDynamized>false</IsDynamized>
          <ContiniuosUpdate>false</ContiniuosUpdate>
        </Parameter>
        <Parameter Name="Ширина" ShortName="63534" Tag="63534" Role="Width" Value="1920">
          <ID TaskNumber="0" ItemID="63534" RawItemID="0" TypeHash="1" Path="" STType="LREAL" UIDType="Inner">
            <Owner TaskNumber="0" ItemID="63532" RawItemID="0" TypeHash="0" Path="" STType="" UIDType="Inner">
              <Owner TaskNumber="0" ItemID="63532" RawItemID="0" TypeHash="0" STType="" UIDType="Inner" />
            </Owner>
          </ID>
          <Parent TaskNumber="0" ItemID="63532" RawItemID="0" TypeHash="0" Path="" STType="" UIDType="Inner">
            <Owner TaskNumber="0" ItemID="63532" RawItemID="0" TypeHash="0" STType="" UIDType="Inner" />
          </Parent>
          <IsValueFromTheme>false</IsValueFromTheme>
          <HasSubTypeName>true</HasSubTypeName>
          <Exclude>false</Exclude>
          <Connections />
          <IsDynamized>false</IsDynamized>
          <ContiniuosUpdate>false</ContiniuosUpdate>
        </Parameter>
        <Parameter Name="Высота" ShortName="63535" Tag="63535" Role="Height" Value="1080">
          <ID TaskNumber="0" ItemID="63535" RawItemID="0" TypeHash="1" Path="" STType="LREAL" UIDType="Inner">
            <Owner TaskNumber="0" ItemID="63532" RawItemID="0" TypeHash="0" Path="" STType="" UIDType="Inner">
              <Owner TaskNumber="0" ItemID="63532" RawItemID="0" TypeHash="0" STType="" UIDType="Inner" />
            </Owner>
          </ID>
          <Parent TaskNumber="0" ItemID="63532" RawItemID="0" TypeHash="0" Path="" STType="" UIDType="Inner">
            <Owner TaskNumber="0" ItemID="63532" RawItemID="0" TypeHash="0" STType="" UIDType="Inner" />
          </Parent>
          <IsValueFromTheme>false</IsValueFromTheme>
          <HasSubTypeName>true</HasSubTypeName>
          <Exclude>false</Exclude>
          <Connections />
          <IsDynamized>false</IsDynamized>
          <ContiniuosUpdate>false</ContiniuosUpdate>
        </Parameter>
        <Parameter Name="Клавиатурный индекс" ShortName="63539" Tag="63539" Role="TabIndex" Value="1">
          <ID TaskNumber="0" ItemID="63539" RawItemID="0" TypeHash="6" Path="" STType="DINT" UIDType="Inner">
            <Owner TaskNumber="0" ItemID="63532" RawItemID="0" TypeHash="0" Path="" STType="" UIDType="Inner">
              <Owner TaskNumber="0" ItemID="63532" RawItemID="0" TypeHash="0" STType="" UIDType="Inner" />
            </Owner>
          </ID>
          <Parent TaskNumber="0" ItemID="63532" RawItemID="0" TypeHash="0" Path="" STType="" UIDType="Inner">
            <Owner TaskNumber="0" ItemID="63532" RawItemID="0" TypeHash="0" STType="" UIDType="Inner" />
          </Parent>
          <IsValueFromTheme>false</IsValueFromTheme>
          <HasSubTypeName>true</HasSubTypeName>
          <Exclude>false</Exclude>
          <Connections />
          <IsDynamized>false</IsDynamized>
          <ContiniuosUpdate>false</ContiniuosUpdate>
        </Parameter>
        <Parameter Name="Изображение фона" ShortName="63540" Tag="63540" Role="Resource" Value="">
          <ID TaskNumber="0" ItemID="63540" RawItemID="0" TypeHash="4" Path="" STType="HMI.ResourceType" UIDType="Inner">
            <Owner TaskNumber="0" ItemID="63532" RawItemID="0" TypeHash="0" Path="" STType="" UIDType="Inner">
              <Owner TaskNumber="0" ItemID="63532" RawItemID="0" TypeHash="0" STType="" UIDType="Inner" />
            </Owner>
          </ID>
          <Parent TaskNumber="0" ItemID="63532" RawItemID="0" TypeHash="0" Path="" STType="" UIDType="Inner">
            <Owner TaskNumber="0" ItemID="63532" RawItemID="0" TypeHash="0" STType="" UIDType="Inner" />
          </Parent>
          <IsValueFromTheme>false</IsValueFromTheme>
          <HasSubTypeName>true</HasSubTypeName>
          <Exclude>false</Exclude>
          <Connections />
          <IsDynamized>false</IsDynamized>
          <ContiniuosUpdate>false</ContiniuosUpdate>
        </Parameter>
        <Parameter Name="Координата X" ShortName="63537" Tag="63537" Role="X" Value="0">
          <ID TaskNumber="0" ItemID="63537" RawItemID="0" TypeHash="1" Path="" STType="LREAL" UIDType="Inner">
            <Owner TaskNumber="0" ItemID="63532" RawItemID="0" TypeHash="0" Path="" STType="" UIDType="Inner">
              <Owner TaskNumber="0" ItemID="63532" RawItemID="0" TypeHash="0" STType="" UIDType="Inner" />
            </Owner>
          </ID>
          <Parent TaskNumber="0" ItemID="63532" RawItemID="0" TypeHash="0" Path="" STType="" UIDType="Inner">
            <Owner TaskNumber="0" ItemID="63532" RawItemID="0" TypeHash="0" STType="" UIDType="Inner" />
          </Parent>
          <IsValueFromTheme>false</IsValueFromTheme>
          <HasSubTypeName>true</HasSubTypeName>
          <Exclude>false</Exclude>
          <Connections />
          <IsDynamized>false</IsDynamized>
          <ContiniuosUpdate>false</ContiniuosUpdate>
        </Parameter>
        <Parameter Name="Координата Y" ShortName="63538" Tag="63538" Role="Y" Value="0">
          <ID TaskNumber="0" ItemID="63538" RawItemID="0" TypeHash="1" Path="" STType="LREAL" UIDType="Inner">
            <Owner TaskNumber="0" ItemID="63532" RawItemID="0" TypeHash="0" Path="" STType="" UIDType="Inner">
              <Owner TaskNumber="0" ItemID="63532" RawItemID="0" TypeHash="0" STType="" UIDType="Inner" />
            </Owner>
          </ID>
          <Parent TaskNumber="0" ItemID="63532" RawItemID="0" TypeHash="0" Path="" STType="" UIDType="Inner">
            <Owner TaskNumber="0" ItemID="63532" RawItemID="0" TypeHash="0" STType="" UIDType="Inner" />
          </Parent>
          <IsValueFromTheme>false</IsValueFromTheme>
          <HasSubTypeName>true</HasSubTypeName>
          <Exclude>false</Exclude>
          <Connections />
          <IsDynamized>false</IsDynamized>
          <ContiniuosUpdate>false</ContiniuosUpdate>
        </Parameter>
        <Parameter Name="Перья" ShortName="63545" Tag="63545" Role="PensData" Value="">
          <ID TaskNumber="0" ItemID="63545" RawItemID="0" TypeHash="0" Path="" STType="HMI.TrendPens" UIDType="Inner">
            <Owner TaskNumber="0" ItemID="63532" RawItemID="0" TypeHash="0" Path="" STType="" UIDType="Inner">
              <Owner TaskNumber="0" ItemID="63532" RawItemID="0" TypeHash="0" STType="" UIDType="Inner" />
            </Owner>
          </ID>
          <Parent TaskNumber="0" ItemID="63532" RawItemID="0" TypeHash="0" Path="" STType="" UIDType="Inner">
            <Owner TaskNumber="0" ItemID="63532" RawItemID="0" TypeHash="0" STType="" UIDType="Inner" />
          </Parent>
          <IsValueFromTheme>false</IsValueFromTheme>
          <HasSubTypeName>true</HasSubTypeName>
          <Exclude>false</Exclude>
          <ChildValues>
            <Parameter Name="Температура" ShortName="63546" Tag="63546" Role="Temperatura" Value="">
              <ID TaskNumber="0" ItemID="63546" RawItemID="0" TypeHash="0" Path="PensData[0]" STType="HMI.TrendPen" UIDType="Inner">
                <Owner TaskNumber="0" ItemID="63532" RawItemID="0" TypeHash="0" Path="" STType="" UIDType="Inner">
                  <Owner TaskNumber="0" ItemID="63532" RawItemID="0" TypeHash="0" STType="" UIDType="Inner" />
                </Owner>
              </ID>
              <Parent TaskNumber="0" ItemID="63545" RawItemID="0" TypeHash="0" Path="" STType="HMI.TrendPens" UIDType="Inner">
                <Owner TaskNumber="0" ItemID="63532" RawItemID="0" TypeHash="0" Path="" STType="" UIDType="Inner">
                  <Owner TaskNumber="0" ItemID="63532" RawItemID="0" TypeHash="0" STType="" UIDType="Inner" />
                </Owner>
              </Parent>
              <IsValueFromTheme>false</IsValueFromTheme>
              <HasSubTypeName>false</HasSubTypeName>
              <Exclude>false</Exclude>
              <ChildValues>
                <Parameter Name="MinY" ShortName="63547" Tag="63547" Role="MinY" Value="0">
                  <ID TaskNumber="0" ItemID="63547" RawItemID="0" TypeHash="1" Path="PensData[0].MinY" STType="LREAL" UIDType="Inner">
                    <Owner TaskNumber="0" ItemID="63532" RawItemID="0" TypeHash="0" Path="" STType="" UIDType="Inner">
                      <Owner TaskNumber="0" ItemID="63532" RawItemID="0" TypeHash="0" STType="" UIDType="Inner" />
                    </Owner>
                  </ID>
                  <Parent TaskNumber="0" ItemID="63546" RawItemID="0" TypeHash="0" Path="PensData[0]" STType="HMI.TrendPen" UIDType="Inner">
                    <Owner TaskNumber="0" ItemID="63532" RawItemID="0" TypeHash="0" Path="" STType="" UIDType="Inner">
                      <Owner TaskNumber="0" ItemID="63532" RawItemID="0" TypeHash="0" STType="" UIDType="Inner" />
                    </Owner>
                  </Parent>
                  <IsValueFromTheme>false</IsValueFromTheme>
                  <HasSubTypeName>true</HasSubTypeName>
                  <Exclude>false</Exclude>
                  <Connections />
                  <IsDynamized>false</IsDynamized>
                  <ContiniuosUpdate>false</ContiniuosUpdate>
                </Parameter>
                <Parameter Name="MaxY" ShortName="63548" Tag="63548" Role="MaxY" Value="100">
                  <ID TaskNumber="0" ItemID="63548" RawItemID="0" TypeHash="1" Path="PensData[0].MaxY" STType="LREAL" UIDType="Inner">
                    <Owner TaskNumber="0" ItemID="63532" RawItemID="0" TypeHash="0" Path="" STType="" UIDType="Inner">
                      <Owner TaskNumber="0" ItemID="63532" RawItemID="0" TypeHash="0" STType="" UIDType="Inner" />
                    </Owner>
                  </ID>
                  <Parent TaskNumber="0" ItemID="63546" RawItemID="0" TypeHash="0" Path="PensData[0]" STType="HMI.TrendPen" UIDType="Inner">
                    <Owner TaskNumber="0" ItemID="63532" RawItemID="0" TypeHash="0" Path="" STType="" UIDType="Inner">
                      <Owner TaskNumber="0" ItemID="63532" RawItemID="0" TypeHash="0" STType="" UIDType="Inner" />
                    </Owner>
                  </Parent>
                  <IsValueFromTheme>false</IsValueFromTheme>
                  <HasSubTypeName>true</HasSubTypeName>
                  <Exclude>false</Exclude>
                  <Connections />
                  <IsDynamized>false</IsDynamized>
                  <ContiniuosUpdate>false</ContiniuosUpdate>
                </Parameter>
                <Parameter Name="Подпись Y " ShortName="63549" Tag="63549" Role="YAxisLabel" Value="">
                  <ID TaskNumber="0" ItemID="63549" RawItemID="0" TypeHash="4" Path="PensData[0].Podpisj_Y_" STType="STRING" UIDType="Inner">
                    <Owner TaskNumber="0" ItemID="63532" RawItemID="0" TypeHash="0" Path="" STType="" UIDType="Inner">
                      <Owner TaskNumber="0" ItemID="63532" RawItemID="0" TypeHash="0" STType="" UIDType="Inner" />
                    </Owner>
                  </ID>
                  <Parent TaskNumber="0" ItemID="63546" RawItemID="0" TypeHash="0" Path="PensData[0]" STType="HMI.TrendPen" UIDType="Inner">
                    <Owner TaskNumber="0" ItemID="63532" RawItemID="0" TypeHash="0" Path="" STType="" UIDType="Inner">
                      <Owner TaskNumber="0" ItemID="63532" RawItemID="0" TypeHash="0" STType="" UIDType="Inner" />
                    </Owner>
                  </Parent>
                  <IsValueFromTheme>false</IsValueFromTheme>
                  <HasSubTypeName>true</HasSubTypeName>
                  <Exclude>false</Exclude>
                  <Connections />
                  <IsDynamized>false</IsDynamized>
                  <ContiniuosUpdate>false</ContiniuosUpdate>
                </Parameter>
                <Parameter Name="Цвет пера" ShortName="63550" Tag="63550" Role="Color" Value="rgb(0,0,0)">
                  <ID TaskNumber="0" ItemID="63550" RawItemID="0" TypeHash="4" Path="PensData[0].Cvet_pera" STType="HMI.SolidColorType" UIDType="Inner">
                    <Owner TaskNumber="0" ItemID="63532" RawItemID="0" TypeHash="0" Path="" STType="" UIDType="Inner">
                      <Owner TaskNumber="0" ItemID="63532" RawItemID="0" TypeHash="0" STType="" UIDType="Inner" />
                    </Owner>
                  </ID>
                  <Parent TaskNumber="0" ItemID="63546" RawItemID="0" TypeHash="0" Path="PensData[0]" STType="HMI.TrendPen" UIDType="Inner">
                    <Owner TaskNumber="0" ItemID="63532" RawItemID="0" TypeHash="0" Path="" STType="" UIDType="Inner">
                      <Owner TaskNumber="0" ItemID="63532" RawItemID="0" TypeHash="0" STType="" UIDType="Inner" />
                    </Owner>
                  </Parent>
                  <IsValueFromTheme>false</IsValueFromTheme>
                  <HasSubTypeName>true</HasSubTypeName>
                  <Exclude>false</Exclude>
                  <Connections />
                  <IsDynamized>false</IsDynamized>
                  <ContiniuosUpdate>false</ContiniuosUpdate>
                </Parameter>
                <Parameter Name="Стиль линии" ShortName="63551" Tag="63551" Role="LineStyle" Value="0">
                  <ID TaskNumber="0" ItemID="63551" RawItemID="0" TypeHash="5" Path="PensData[0].Stilj_linii" STType="HMI.BorderStyleType" UIDType="Inner">
                    <Owner TaskNumber="0" ItemID="63532" RawItemID="0" TypeHash="0" Path="" STType="" UIDType="Inner">
                      <Owner TaskNumber="0" ItemID="63532" RawItemID="0" TypeHash="0" STType="" UIDType="Inner" />
                    </Owner>
                  </ID>
                  <Parent TaskNumber="0" ItemID="63546" RawItemID="0" TypeHash="0" Path="PensData[0]" STType="HMI.TrendPen" UIDType="Inner">
                    <Owner TaskNumber="0" ItemID="63532" RawItemID="0" TypeHash="0" Path="" STType="" UIDType="Inner">
                      <Owner TaskNumber="0" ItemID="63532" RawItemID="0" TypeHash="0" STType="" UIDType="Inner" />
                    </Owner>
                  </Parent>
                  <IsValueFromTheme>false</IsValueFromTheme>
                  <HasSubTypeName>true</HasSubTypeName>
                  <Exclude>false</Exclude>
                  <Connections />
                  <IsDynamized>false</IsDynamized>
                  <ContiniuosUpdate>false</ContiniuosUpdate>
                </Parameter>
                <Parameter Name="Значение" ShortName="63552" Tag="63552" Role="DataSource" Value="0">
                  <ID TaskNumber="0" ItemID="63552" RawItemID="0" TypeHash="7" Path="PensData[0].Znachenie" STType="REF_TO" UIDType="Inner">
                    <Owner TaskNumber="0" ItemID="63532" RawItemID="0" TypeHash="0" Path="" STType="" UIDType="Inner">
                      <Owner TaskNumber="0" ItemID="63532" RawItemID="0" TypeHash="0" STType="" UIDType="Inner" />
                    </Owner>
                  </ID>
                  <Parent TaskNumber="0" ItemID="63546" RawItemID="0" TypeHash="0" Path="PensData[0]" STType="HMI.TrendPen" UIDType="Inner">
                    <Owner TaskNumber="0" ItemID="63532" RawItemID="0" TypeHash="0" Path="" STType="" UIDType="Inner">
                      <Owner TaskNumber="0" ItemID="63532" RawItemID="0" TypeHash="0" STType="" UIDType="Inner" />
                    </Owner>
                  </Parent>
                  <IsValueFromTheme>false</IsValueFromTheme>
                  <HasSubTypeName>true</HasSubTypeName>
                  <Exclude>false</Exclude>
                  <Connections>
                    <Connection Name="63566" ShortName="63566" Tag="63566" Direction="Backward">
                      <ID TaskNumber="0" ItemID="63566" RawItemID="0" TypeHash="0" Path="" STType="" UIDType="Inner">
                        <Owner TaskNumber="0" ItemID="63423" RawItemID="0" TypeHash="0" STType="" UIDType="Inner" />
                      </ID>
                      <Parent TaskNumber="0" ItemID="63552" RawItemID="0" TypeHash="7" Path="PensData[0].Znachenie" STType="REF_TO" UIDType="Inner">
                        <Owner TaskNumber="0" ItemID="63532" RawItemID="0" TypeHash="0" Path="" STType="" UIDType="Inner">
                          <Owner TaskNumber="0" ItemID="63532" RawItemID="0" TypeHash="0" STType="" UIDType="Inner" />
                        </Owner>
                      </Parent>
                      <Target TaskNumber="0" ItemID="59215" RawItemID="59215" TypeHash="1" Path="" STType="LREAL" UIDType="MasterPLC" />
                      <UpdateType>true</UpdateType>
                      <HasBackward>false</HasBackward>
                    </Connection>
                  </Connections>
                  <IsDynamized>false</IsDynamized>
                  <ContiniuosUpdate>false</ContiniuosUpdate>
                </Parameter>
                <Parameter Name="Единица измерения" ShortName="63553" Tag="63553" Role="Unit" Value="С">
                  <ID TaskNumber="0" ItemID="63553" RawItemID="0" TypeHash="4" Path="PensData[0].Edinica_izmereniya" STType="STRING" UIDType="Inner">
                    <Owner TaskNumber="0" ItemID="63532" RawItemID="0" TypeHash="0" Path="" STType="" UIDType="Inner">
                      <Owner TaskNumber="0" ItemID="63532" RawItemID="0" TypeHash="0" STType="" UIDType="Inner" />
                    </Owner>
                  </ID>
                  <Parent TaskNumber="0" ItemID="63546" RawItemID="0" TypeHash="0" Path="PensData[0]" STType="HMI.TrendPen" UIDType="Inner">
                    <Owner TaskNumber="0" ItemID="63532" RawItemID="0" TypeHash="0" Path="" STType="" UIDType="Inner">
                      <Owner TaskNumber="0" ItemID="63532" RawItemID="0" TypeHash="0" STType="" UIDType="Inner" />
                    </Owner>
                  </Parent>
                  <IsValueFromTheme>false</IsValueFromTheme>
                  <HasSubTypeName>true</HasSubTypeName>
                  <Exclude>false</Exclude>
                  <Connections />
                  <IsDynamized>false</IsDynamized>
                  <ContiniuosUpdate>false</ContiniuosUpdate>
                </Parameter>
                <Parameter Name="Формат значений Y" ShortName="63554" Tag="63554" Role="YFormat" Value="f3">
                  <ID TaskNumber="0" ItemID="63554" RawItemID="0" TypeHash="4" Path="PensData[0].Format_znachenij_Y" STType="STRING" UIDType="Inner">
                    <Owner TaskNumber="0" ItemID="63532" RawItemID="0" TypeHash="0" Path="" STType="" UIDType="Inner">
                      <Owner TaskNumber="0" ItemID="63532" RawItemID="0" TypeHash="0" STType="" UIDType="Inner" />
                    </Owner>
                  </ID>
                  <Parent TaskNumber="0" ItemID="63546" RawItemID="0" TypeHash="0" Path="PensData[0]" STType="HMI.TrendPen" UIDType="Inner">
                    <Owner TaskNumber="0" ItemID="63532" RawItemID="0" TypeHash="0" Path="" STType="" UIDType="Inner">
                      <Owner TaskNumber="0" ItemID="63532" RawItemID="0" TypeHash="0" STType="" UIDType="Inner" />
                    </Owner>
                  </Parent>
                  <IsValueFromTheme>false</IsValueFromTheme>
                  <HasSubTypeName>true</HasSubTypeName>
                  <Exclude>false</Exclude>
                  <Connections />
                  <IsDynamized>false</IsDynamized>
                  <ContiniuosUpdate>false</ContiniuosUpdate>
                </Parameter>
                <Parameter Name="Количество делений Y" ShortName="63555" Tag="63555" Role="TickCountY" Value="5">
                  <ID TaskNumber="0" ItemID="63555" RawItemID="0" TypeHash="6" Path="PensData[0].Kolichestvo_delenij_Y" STType="INT" UIDType="Inner">
                    <Owner TaskNumber="0" ItemID="63532" RawItemID="0" TypeHash="0" Path="" STType="" UIDType="Inner">
                      <Owner TaskNumber="0" ItemID="63532" RawItemID="0" TypeHash="0" STType="" UIDType="Inner" />
                    </Owner>
                  </ID>
                  <Parent TaskNumber="0" ItemID="63546" RawItemID="0" TypeHash="0" Path="PensData[0]" STType="HMI.TrendPen" UIDType="Inner">
                    <Owner TaskNumber="0" ItemID="63532" RawItemID="0" TypeHash="0" Path="" STType="" UIDType="Inner">
                      <Owner TaskNumber="0" ItemID="63532" RawItemID="0" TypeHash="0" STType="" UIDType="Inner" />
                    </Owner>
                  </Parent>
                  <IsValueFromTheme>false</IsValueFromTheme>
                  <HasSubTypeName>true</HasSubTypeName>
                  <Exclude>false</Exclude>
                  <Connections />
                  <IsDynamized>false</IsDynamized>
                  <ContiniuosUpdate>false</ContiniuosUpdate>
                </Parameter>
                <Parameter Name="Толщина линии" ShortName="63556" Tag="63556" Role="Thickness" Value="1">
                  <ID TaskNumber="0" ItemID="63556" RawItemID="0" TypeHash="1" Path="PensData[0].Tolschina_linii" STType="LREAL" UIDType="Inner">
                    <Owner TaskNumber="0" ItemID="63532" RawItemID="0" TypeHash="0" Path="" STType="" UIDType="Inner">
                      <Owner TaskNumber="0" ItemID="63532" RawItemID="0" TypeHash="0" STType="" UIDType="Inner" />
                    </Owner>
                  </ID>
                  <Parent TaskNumber="0" ItemID="63546" RawItemID="0" TypeHash="0" Path="PensData[0]" STType="HMI.TrendPen" UIDType="Inner">
                    <Owner TaskNumber="0" ItemID="63532" RawItemID="0" TypeHash="0" Path="" STType="" UIDType="Inner">
                      <Owner TaskNumber="0" ItemID="63532" RawItemID="0" TypeHash="0" STType="" UIDType="Inner" />
                    </Owner>
                  </Parent>
                  <IsValueFromTheme>false</IsValueFromTheme>
                  <HasSubTypeName>true</HasSubTypeName>
                  <Exclude>false</Exclude>
                  <Connections />
                  <IsDynamized>false</IsDynamized>
                  <ContiniuosUpdate>false</ContiniuosUpdate>
                </Parameter>
                <Parameter Name="Дорисовка констант" ShortName="63557" Tag="63557" Role="DrawConstant" Value="True">
                  <ID TaskNumber="0" ItemID="63557" RawItemID="0" TypeHash="3" Path="PensData[0].Dorisovka_konstant" STType="BOOL" UIDType="Inner">
                    <Owner TaskNumber="0" ItemID="63532" RawItemID="0" TypeHash="0" Path="" STType="" UIDType="Inner">
                      <Owner TaskNumber="0" ItemID="63532" RawItemID="0" TypeHash="0" STType="" UIDType="Inner" />
                    </Owner>
                  </ID>
                  <Parent TaskNumber="0" ItemID="63546" RawItemID="0" TypeHash="0" Path="PensData[0]" STType="HMI.TrendPen" UIDType="Inner">
                    <Owner TaskNumber="0" ItemID="63532" RawItemID="0" TypeHash="0" Path="" STType="" UIDType="Inner">
                      <Owner TaskNumber="0" ItemID="63532" RawItemID="0" TypeHash="0" STType="" UIDType="Inner" />
                    </Owner>
                  </Parent>
                  <IsValueFromTheme>false</IsValueFromTheme>
                  <HasSubTypeName>true</HasSubTypeName>
                  <Exclude>false</Exclude>
                  <Connections />
                  <IsDynamized>false</IsDynamized>
                  <ContiniuosUpdate>false</ContiniuosUpdate>
                </Parameter>
                <Parameter Name="Видимость" ShortName="63558" Tag="63558" Role="IsVisible" Value="True">
                  <ID TaskNumber="0" ItemID="63558" RawItemID="0" TypeHash="3" Path="PensData[0].Vidimostj" STType="BOOL" UIDType="Inner">
                    <Owner TaskNumber="0" ItemID="63532" RawItemID="0" TypeHash="0" Path="" STType="" UIDType="Inner">
                      <Owner TaskNumber="0" ItemID="63532" RawItemID="0" TypeHash="0" STType="" UIDType="Inner" />
                    </Owner>
                  </ID>
                  <Parent TaskNumber="0" ItemID="63546" RawItemID="0" TypeHash="0" Path="PensData[0]" STType="HMI.TrendPen" UIDType="Inner">
                    <Owner TaskNumber="0" ItemID="63532" RawItemID="0" TypeHash="0" Path="" STType="" UIDType="Inner">
                      <Owner TaskNumber="0" ItemID="63532" RawItemID="0" TypeHash="0" STType="" UIDType="Inner" />
                    </Owner>
                  </Parent>
                  <IsValueFromTheme>false</IsValueFromTheme>
                  <HasSubTypeName>true</HasSubTypeName>
                  <Exclude>false</Exclude>
                  <Connections />
                  <IsDynamized>false</IsDynamized>
                  <ContiniuosUpdate>false</ContiniuosUpdate>
                </Parameter>
                <Parameter Name="Тип графика" ShortName="63559" Tag="63559" Role="LineJoin" Value="0">
                  <ID TaskNumber="0" ItemID="63559" RawItemID="0" TypeHash="5" Path="PensData[0].Tip_grafika" STType="HMI.LineJoin" UIDType="Inner">
                    <Owner TaskNumber="0" ItemID="63532" RawItemID="0" TypeHash="0" Path="" STType="" UIDType="Inner">
                      <Owner TaskNumber="0" ItemID="63532" RawItemID="0" TypeHash="0" STType="" UIDType="Inner" />
                    </Owner>
                  </ID>
                  <Parent TaskNumber="0" ItemID="63546" RawItemID="0" TypeHash="0" Path="PensData[0]" STType="HMI.TrendPen" UIDType="Inner">
                    <Owner TaskNumber="0" ItemID="63532" RawItemID="0" TypeHash="0" Path="" STType="" UIDType="Inner">
                      <Owner TaskNumber="0" ItemID="63532" RawItemID="0" TypeHash="0" STType="" UIDType="Inner" />
                    </Owner>
                  </Parent>
                  <IsValueFromTheme>false</IsValueFromTheme>
                  <HasSubTypeName>true</HasSubTypeName>
                  <Exclude>false</Exclude>
                  <Connections />
                  <IsDynamized>false</IsDynamized>
                  <ContiniuosUpdate>false</ContiniuosUpdate>
                </Parameter>
                <Parameter Name="Автомасштабирование" ShortName="63560" Tag="63560" Role="Autoscale" Value="False">
                  <ID TaskNumber="0" ItemID="63560" RawItemID="0" TypeHash="3" Path="PensData[0].Avtomasshtabirovanie" STType="BOOL" UIDType="Inner">
                    <Owner TaskNumber="0" ItemID="63532" RawItemID="0" TypeHash="0" Path="" STType="" UIDType="Inner">
                      <Owner TaskNumber="0" ItemID="63532" RawItemID="0" TypeHash="0" STType="" UIDType="Inner" />
                    </Owner>
                  </ID>
                  <Parent TaskNumber="0" ItemID="63546" RawItemID="0" TypeHash="0" Path="PensData[0]" STType="HMI.TrendPen" UIDType="Inner">
                    <Owner TaskNumber="0" ItemID="63532" RawItemID="0" TypeHash="0" Path="" STType="" UIDType="Inner">
                      <Owner TaskNumber="0" ItemID="63532" RawItemID="0" TypeHash="0" STType="" UIDType="Inner" />
                    </Owner>
                  </Parent>
                  <IsValueFromTheme>false</IsValueFromTheme>
                  <HasSubTypeName>true</HasSubTypeName>
                  <Exclude>false</Exclude>
                  <Connections />
                  <IsDynamized>false</IsDynamized>
                  <ContiniuosUpdate>false</ContiniuosUpdate>
                </Parameter>
                <Parameter Name="Тип точек" ShortName="63561" Tag="63561" Role="PointType" Value="0">
                  <ID TaskNumber="0" ItemID="63561" RawItemID="0" TypeHash="5" Path="PensData[0].Tip_tochek" STType="HMI.PenPointType" UIDType="Inner">
                    <Owner TaskNumber="0" ItemID="63532" RawItemID="0" TypeHash="0" Path="" STType="" UIDType="Inner">
                      <Owner TaskNumber="0" ItemID="63532" RawItemID="0" TypeHash="0" STType="" UIDType="Inner" />
                    </Owner>
                  </ID>
                  <Parent TaskNumber="0" ItemID="63546" RawItemID="0" TypeHash="0" Path="PensData[0]" STType="HMI.TrendPen" UIDType="Inner">
                    <Owner TaskNumber="0" ItemID="63532" RawItemID="0" TypeHash="0" Path="" STType="" UIDType="Inner">
                      <Owner TaskNumber="0" ItemID="63532" RawItemID="0" TypeHash="0" STType="" UIDType="Inner" />
                    </Owner>
                  </Parent>
                  <IsValueFromTheme>false</IsValueFromTheme>
                  <HasSubTypeName>true</HasSubTypeName>
                  <Exclude>false</Exclude>
                  <Connections />
                  <IsDynamized>false</IsDynamized>
                  <ContiniuosUpdate>false</ContiniuosUpdate>
                </Parameter>
                <Parameter Name="Размер точек" ShortName="63562" Tag="63562" Role="PointSize" Value="0">
                  <ID TaskNumber="0" ItemID="63562" RawItemID="0" TypeHash="1" Path="PensData[0].Razmer_tochek" STType="LREAL" UIDType="Inner">
                    <Owner TaskNumber="0" ItemID="63532" RawItemID="0" TypeHash="0" Path="" STType="" UIDType="Inner">
                      <Owner TaskNumber="0" ItemID="63532" RawItemID="0" TypeHash="0" STType="" UIDType="Inner" />
                    </Owner>
                  </ID>
                  <Parent TaskNumber="0" ItemID="63546" RawItemID="0" TypeHash="0" Path="PensData[0]" STType="HMI.TrendPen" UIDType="Inner">
                    <Owner TaskNumber="0" ItemID="63532" RawItemID="0" TypeHash="0" Path="" STType="" UIDType="Inner">
                      <Owner TaskNumber="0" ItemID="63532" RawItemID="0" TypeHash="0" STType="" UIDType="Inner" />
                    </Owner>
                  </Parent>
                  <IsValueFromTheme>false</IsValueFromTheme>
                  <HasSubTypeName>true</HasSubTypeName>
                  <Exclude>false</Exclude>
                  <Connections />
                  <IsDynamized>false</IsDynamized>
                  <ContiniuosUpdate>false</ContiniuosUpdate>
                </Parameter>
                <Parameter Name="Отображать ось значений" ShortName="63563" Tag="63563" Role="ShowAxis" Value="True">
                  <ID TaskNumber="0" ItemID="63563" RawItemID="0" TypeHash="3" Path="PensData[0].Otobrazhatj_osj_znachenij" STType="BOOL" UIDType="Inner">
                    <Owner TaskNumber="0" ItemID="63532" RawItemID="0" TypeHash="0" Path="" STType="" UIDType="Inner">
                      <Owner TaskNumber="0" ItemID="63532" RawItemID="0" TypeHash="0" STType="" UIDType="Inner" />
                    </Owner>
                  </ID>
                  <Parent TaskNumber="0" ItemID="63546" RawItemID="0" TypeHash="0" Path="PensData[0]" STType="HMI.TrendPen" UIDType="Inner">
                    <Owner TaskNumber="0" ItemID="63532" RawItemID="0" TypeHash="0" Path="" STType="" UIDType="Inner">
                      <Owner TaskNumber="0" ItemID="63532" RawItemID="0" TypeHash="0" STType="" UIDType="Inner" />
                    </Owner>
                  </Parent>
                  <IsValueFromTheme>false</IsValueFromTheme>
                  <HasSubTypeName>true</HasSubTypeName>
                  <Exclude>false</Exclude>
                  <Connections />
                  <IsDynamized>false</IsDynamized>
                  <ContiniuosUpdate>false</ContiniuosUpdate>
                </Parameter>
                <Parameter Name="Главное перо в группе" ShortName="63564" Tag="63564" Role="MainPenGroup" Value="False">
                  <ID TaskNumber="0" ItemID="63564" RawItemID="0" TypeHash="3" Path="PensData[0].Glavnoe_pero_v_gruppe" STType="BOOL" UIDType="Inner">
                    <Owner TaskNumber="0" ItemID="63532" RawItemID="0" TypeHash="0" Path="" STType="" UIDType="Inner">
                      <Owner TaskNumber="0" ItemID="63532" RawItemID="0" TypeHash="0" STType="" UIDType="Inner" />
                    </Owner>
                  </ID>
                  <Parent TaskNumber="0" ItemID="63546" RawItemID="0" TypeHash="0" Path="PensData[0]" STType="HMI.TrendPen" UIDType="Inner">
                    <Owner TaskNumber="0" ItemID="63532" RawItemID="0" TypeHash="0" Path="" STType="" UIDType="Inner">
                      <Owner TaskNumber="0" ItemID="63532" RawItemID="0" TypeHash="0" STType="" UIDType="Inner" />
                    </Owner>
                  </Parent>
                  <IsValueFromTheme>false</IsValueFromTheme>
                  <HasSubTypeName>true</HasSubTypeName>
                  <Exclude>false</Exclude>
                  <Connections />
                  <IsDynamized>false</IsDynamized>
                  <ContiniuosUpdate>false</ContiniuosUpdate>
                </Parameter>
                <Parameter Name="Название группы" ShortName="63565" Tag="63565" Role="GroupName" Value="">
                  <ID TaskNumber="0" ItemID="63565" RawItemID="0" TypeHash="4" Path="PensData[0].Nazvanie_gruppi" STType="STRING" UIDType="Inner">
                    <Owner TaskNumber="0" ItemID="63532" RawItemID="0" TypeHash="0" Path="" STType="" UIDType="Inner">
                      <Owner TaskNumber="0" ItemID="63532" RawItemID="0" TypeHash="0" STType="" UIDType="Inner" />
                    </Owner>
                  </ID>
                  <Parent TaskNumber="0" ItemID="63546" RawItemID="0" TypeHash="0" Path="PensData[0]" STType="HMI.TrendPen" UIDType="Inner">
                    <Owner TaskNumber="0" ItemID="63532" RawItemID="0" TypeHash="0" Path="" STType="" UIDType="Inner">
                      <Owner TaskNumber="0" ItemID="63532" RawItemID="0" TypeHash="0" STType="" UIDType="Inner" />
                    </Owner>
                  </Parent>
                  <IsValueFromTheme>false</IsValueFromTheme>
                  <HasSubTypeName>true</HasSubTypeName>
                  <Exclude>false</Exclude>
                  <Connections />
                  <IsDynamized>false</IsDynamized>
                  <ContiniuosUpdate>false</ContiniuosUpdate>
                </Parameter>
              </ChildValues>
              <Connections />
              <IsDynamized>false</IsDynamized>
              <ContiniuosUpdate>false</ContiniuosUpdate>
            </Parameter>
          </ChildValues>
          <Connections />
          <IsDynamized>false</IsDynamized>
          <ContiniuosUpdate>false</ContiniuosUpdate>
        </Parameter>
        <Parameter Name="Тип графика по умолчанию" ShortName="63567" Tag="63567" Role="LineJoinDefault" Value="0">
          <ID TaskNumber="0" ItemID="63567" RawItemID="0" TypeHash="5" Path="" STType="HMI.LineJoin" UIDType="Inner">
            <Owner TaskNumber="0" ItemID="63532" RawItemID="0" TypeHash="0" Path="" STType="" UIDType="Inner">
              <Owner TaskNumber="0" ItemID="63532" RawItemID="0" TypeHash="0" STType="" UIDType="Inner" />
            </Owner>
          </ID>
          <Parent TaskNumber="0" ItemID="63532" RawItemID="0" TypeHash="0" Path="" STType="" UIDType="Inner">
            <Owner TaskNumber="0" ItemID="63532" RawItemID="0" TypeHash="0" STType="" UIDType="Inner" />
          </Parent>
          <IsValueFromTheme>false</IsValueFromTheme>
          <HasSubTypeName>true</HasSubTypeName>
          <Exclude>false</Exclude>
          <Connections />
          <IsDynamized>false</IsDynamized>
          <ContiniuosUpdate>false</ContiniuosUpdate>
        </Parameter>
        <Parameter Name="XType" ShortName="XType" Tag="0" Role="XType" Value="1">
          <ID TaskNumber="0" ItemID="4294967240" RawItemID="0" TypeHash="5" Path="" STType="HMI.SizeType" UIDType="Inner" />
          <Parent TaskNumber="0" ItemID="63423" RawItemID="0" TypeHash="0" Path="" STType="" UIDType="Inner">
            <Owner TaskNumber="0" ItemID="63423" RawItemID="0" TypeHash="0" STType="" UIDType="Inner" />
          </Parent>
          <IsValueFromTheme>false</IsValueFromTheme>
          <HasSubTypeName>true</HasSubTypeName>
          <Exclude>false</Exclude>
          <IsDynamized>false</IsDynamized>
          <ContiniuosUpdate>false</ContiniuosUpdate>
        </Parameter>
        <Parameter Name="YType" ShortName="YType" Tag="0" Role="YType" Value="1">
          <ID TaskNumber="0" ItemID="4294967238" RawItemID="0" TypeHash="5" Path="" STType="HMI.SizeType" UIDType="Inner" />
          <Parent TaskNumber="0" ItemID="63423" RawItemID="0" TypeHash="0" Path="" STType="" UIDType="Inner">
            <Owner TaskNumber="0" ItemID="63423" RawItemID="0" TypeHash="0" STType="" UIDType="Inner" />
          </Parent>
          <IsValueFromTheme>false</IsValueFromTheme>
          <HasSubTypeName>true</HasSubTypeName>
          <Exclude>false</Exclude>
          <IsDynamized>false</IsDynamized>
          <ContiniuosUpdate>false</ContiniuosUpdate>
        </Parameter>
        <Parameter Name="WidthType" ShortName="WidthType" Tag="0" Role="WidthType" Value="1">
          <ID TaskNumber="0" ItemID="4294967235" RawItemID="0" TypeHash="5" Path="" STType="HMI.SizeType" UIDType="Inner" />
          <Parent TaskNumber="0" ItemID="63423" RawItemID="0" TypeHash="0" Path="" STType="" UIDType="Inner">
            <Owner TaskNumber="0" ItemID="63423" RawItemID="0" TypeHash="0" STType="" UIDType="Inner" />
          </Parent>
          <IsValueFromTheme>false</IsValueFromTheme>
          <HasSubTypeName>true</HasSubTypeName>
          <Exclude>false</Exclude>
          <IsDynamized>false</IsDynamized>
          <ContiniuosUpdate>false</ContiniuosUpdate>
        </Parameter>
        <Parameter Name="HeightType" ShortName="HeightType" Tag="0" Role="HeightType" Value="1">
          <ID TaskNumber="0" ItemID="4294967234" RawItemID="0" TypeHash="5" Path="" STType="HMI.SizeType" UIDType="Inner" />
          <Parent TaskNumber="0" ItemID="63423" RawItemID="0" TypeHash="0" Path="" STType="" UIDType="Inner">
            <Owner TaskNumber="0" ItemID="63423" RawItemID="0" TypeHash="0" STType="" UIDType="Inner" />
          </Parent>
          <IsValueFromTheme>false</IsValueFromTheme>
          <HasSubTypeName>true</HasSubTypeName>
          <Exclude>false</Exclude>
          <IsDynamized>false</IsDynamized>
          <ContiniuosUpdate>false</ContiniuosUpdate>
        </Parameter>
      </Parameters>
      <ObjectId>0</ObjectId>
      <ServerTaskId>-1</ServerTaskId>
      <ServerTaskItemId>0</ServerTaskItemId>
      <InObjectInstance>false</InObjectInstance>
      <HasConnections>false</HasConnections>
    </Element>
  </Elements>
  <ObjectId>0</ObjectId>
  <ServerTaskId>-1</ServerTaskId>
  <ServerTaskItemId>0</ServerTaskItemId>
  <InObjectInstance>false</InObjectInstance>
  <Role>Window</Role>
  <HasConnections>false</HasConnections>
</Element>