<?xml version="1.0" encoding="utf-8"?>
<Element xmlns:xsi="http://www.w3.org/2001/XMLSchema-instance" xmlns:xsd="http://www.w3.org/2001/XMLSchema" Name="63713" ShortName="Давление тренд" Tag="63713" TreeObject="Тренды">
  <ID TaskNumber="0" ItemID="63713" RawItemID="0" TypeHash="0" Path="" STType="" UIDType="Inner">
    <Owner TaskNumber="0" ItemID="63713" RawItemID="0" TypeHash="0" STType="" UIDType="Inner" />
  </ID>
  <UsedSTTypes>
    <string>HMI.ResourceType</string>
    <string>DINT</string>
    <string>LREAL</string>
    <string>HMI.SolidColorType</string>
    <string>HMI.GradientColorType</string>
    <string>HMI.BorderStyleType</string>
    <string>STRING</string>
    <string>BOOL</string>
    <string>HMI.TileType</string>
    <string>HMI.HorizontalAlignType</string>
    <string>HMI.VerticalAlignType</string>
    <string>HMI.MouseCursorKinds</string>
    <string>HMI.SizeType</string>
    <string>HMI.ProportionType</string>
    <string>HMI.TrendPens</string>
    <string>HMI.TrendPen</string>
    <string>REF_TO</string>
    <string>INT</string>
    <string>HMI.LineJoin</string>
    <string>HMI.PenPointType</string>
  </UsedSTTypes>
  <Parameters>
    <Parameter Name="Образ" ShortName="63742" Tag="63742" Role="SkinResource" Value="">
      <ID TaskNumber="0" ItemID="63742" RawItemID="0" TypeHash="4" Path="" STType="HMI.ResourceType" UIDType="Inner">
        <Owner TaskNumber="0" ItemID="63713" RawItemID="0" TypeHash="0" Path="" STType="" UIDType="Inner">
          <Owner TaskNumber="0" ItemID="63713" RawItemID="0" TypeHash="0" STType="" UIDType="Inner" />
        </Owner>
      </ID>
      <Parent TaskNumber="0" ItemID="63713" RawItemID="0" TypeHash="0" Path="" STType="" UIDType="Inner">
        <Owner TaskNumber="0" ItemID="63713" RawItemID="0" TypeHash="0" STType="" UIDType="Inner" />
      </Parent>
      <IsValueFromTheme>false</IsValueFromTheme>
      <HasSubTypeName>true</HasSubTypeName>
      <Exclude>false</Exclude>
      <Connections />
      <IsDynamized>false</IsDynamized>
      <ContiniuosUpdate>false</ContiniuosUpdate>
    </Parameter>
    <Parameter Name="Порядок Z" ShortName="63718" Tag="63718" Role="Z" Value="0">
      <ID TaskNumber="0" ItemID="63718" RawItemID="0" TypeHash="6" Path="" STType="DINT" UIDType="Inner">
        <Owner TaskNumber="0" ItemID="63713" RawItemID="0" TypeHash="0" Path="" STType="" UIDType="Inner">
          <Owner TaskNumber="0" ItemID="63713" RawItemID="0" TypeHash="0" STType="" UIDType="Inner" />
        </Owner>
      </ID>
      <Parent TaskNumber="0" ItemID="63713" RawItemID="0" TypeHash="0" Path="" STType="" UIDType="Inner">
        <Owner TaskNumber="0" ItemID="63713" RawItemID="0" TypeHash="0" STType="" UIDType="Inner" />
      </Parent>
      <IsValueFromTheme>false</IsValueFromTheme>
      <HasSubTypeName>true</HasSubTypeName>
      <Exclude>false</Exclude>
      <Connections />
      <IsDynamized>false</IsDynamized>
      <ContiniuosUpdate>false</ContiniuosUpdate>
    </Parameter>
    <Parameter Name="Ширина" ShortName="63716" Tag="63716" Role="Width" Value="1920">
      <ID TaskNumber="0" ItemID="63716" RawItemID="0" TypeHash="1" Path="" STType="LREAL" UIDType="Inner">
        <Owner TaskNumber="0" ItemID="63713" RawItemID="0" TypeHash="0" Path="" STType="" UIDType="Inner">
          <Owner TaskNumber="0" ItemID="63713" RawItemID="0" TypeHash="0" STType="" UIDType="Inner" />
        </Owner>
      </ID>
      <Parent TaskNumber="0" ItemID="63713" RawItemID="0" TypeHash="0" Path="" STType="" UIDType="Inner">
        <Owner TaskNumber="0" ItemID="63713" RawItemID="0" TypeHash="0" STType="" UIDType="Inner" />
      </Parent>
      <IsValueFromTheme>false</IsValueFromTheme>
      <HasSubTypeName>true</HasSubTypeName>
      <Exclude>false</Exclude>
      <Connections />
      <IsDynamized>false</IsDynamized>
      <ContiniuosUpdate>false</ContiniuosUpdate>
    </Parameter>
    <Parameter Name="Высота" ShortName="63717" Tag="63717" Role="Height" Value="1080">
      <ID TaskNumber="0" ItemID="63717" RawItemID="0" TypeHash="1" Path="" STType="LREAL" UIDType="Inner">
        <Owner TaskNumber="0" ItemID="63713" RawItemID="0" TypeHash="0" Path="" STType="" UIDType="Inner">
          <Owner TaskNumber="0" ItemID="63713" RawItemID="0" TypeHash="0" STType="" UIDType="Inner" />
        </Owner>
      </ID>
      <Parent TaskNumber="0" ItemID="63713" RawItemID="0" TypeHash="0" Path="" STType="" UIDType="Inner">
        <Owner TaskNumber="0" ItemID="63713" RawItemID="0" TypeHash="0" STType="" UIDType="Inner" />
      </Parent>
      <IsValueFromTheme>false</IsValueFromTheme>
      <HasSubTypeName>true</HasSubTypeName>
      <Exclude>false</Exclude>
      <Connections />
      <IsDynamized>false</IsDynamized>
      <ContiniuosUpdate>false</ContiniuosUpdate>
    </Parameter>
    <Parameter Name="Угол поворота" ShortName="63722" Tag="63722" Role="Angle" Value="0">
      <ID TaskNumber="0" ItemID="63722" RawItemID="0" TypeHash="1" Path="" STType="LREAL" UIDType="Inner">
        <Owner TaskNumber="0" ItemID="63713" RawItemID="0" TypeHash="0" Path="" STType="" UIDType="Inner">
          <Owner TaskNumber="0" ItemID="63713" RawItemID="0" TypeHash="0" STType="" UIDType="Inner" />
        </Owner>
      </ID>
      <Parent TaskNumber="0" ItemID="63713" RawItemID="0" TypeHash="0" Path="" STType="" UIDType="Inner">
        <Owner TaskNumber="0" ItemID="63713" RawItemID="0" TypeHash="0" STType="" UIDType="Inner" />
      </Parent>
      <IsValueFromTheme>false</IsValueFromTheme>
      <HasSubTypeName>true</HasSubTypeName>
      <Exclude>false</Exclude>
      <Connections />
      <IsDynamized>false</IsDynamized>
      <ContiniuosUpdate>false</ContiniuosUpdate>
    </Parameter>
    <Parameter Name="Масштаб X" ShortName="63723" Tag="63723" Role="ScaleX" Value="1">
      <ID TaskNumber="0" ItemID="63723" RawItemID="0" TypeHash="1" Path="" STType="LREAL" UIDType="Inner">
        <Owner TaskNumber="0" ItemID="63713" RawItemID="0" TypeHash="0" Path="" STType="" UIDType="Inner">
          <Owner TaskNumber="0" ItemID="63713" RawItemID="0" TypeHash="0" STType="" UIDType="Inner" />
        </Owner>
      </ID>
      <Parent TaskNumber="0" ItemID="63713" RawItemID="0" TypeHash="0" Path="" STType="" UIDType="Inner">
        <Owner TaskNumber="0" ItemID="63713" RawItemID="0" TypeHash="0" STType="" UIDType="Inner" />
      </Parent>
      <IsValueFromTheme>false</IsValueFromTheme>
      <HasSubTypeName>true</HasSubTypeName>
      <Exclude>false</Exclude>
      <Connections />
      <IsDynamized>false</IsDynamized>
      <ContiniuosUpdate>false</ContiniuosUpdate>
    </Parameter>
    <Parameter Name="Масштаб Y" ShortName="63724" Tag="63724" Role="ScaleY" Value="1">
      <ID TaskNumber="0" ItemID="63724" RawItemID="0" TypeHash="1" Path="" STType="LREAL" UIDType="Inner">
        <Owner TaskNumber="0" ItemID="63713" RawItemID="0" TypeHash="0" Path="" STType="" UIDType="Inner">
          <Owner TaskNumber="0" ItemID="63713" RawItemID="0" TypeHash="0" STType="" UIDType="Inner" />
        </Owner>
      </ID>
      <Parent TaskNumber="0" ItemID="63713" RawItemID="0" TypeHash="0" Path="" STType="" UIDType="Inner">
        <Owner TaskNumber="0" ItemID="63713" RawItemID="0" TypeHash="0" STType="" UIDType="Inner" />
      </Parent>
      <IsValueFromTheme>false</IsValueFromTheme>
      <HasSubTypeName>true</HasSubTypeName>
      <Exclude>false</Exclude>
      <Connections />
      <IsDynamized>false</IsDynamized>
      <ContiniuosUpdate>false</ContiniuosUpdate>
    </Parameter>
    <Parameter Name="Толщина рамки" ShortName="63725" Tag="63725" Role="BorderThickness" Value="1">
      <ID TaskNumber="0" ItemID="63725" RawItemID="0" TypeHash="1" Path="" STType="LREAL" UIDType="Inner">
        <Owner TaskNumber="0" ItemID="63713" RawItemID="0" TypeHash="0" Path="" STType="" UIDType="Inner">
          <Owner TaskNumber="0" ItemID="63713" RawItemID="0" TypeHash="0" STType="" UIDType="Inner" />
        </Owner>
      </ID>
      <Parent TaskNumber="0" ItemID="63713" RawItemID="0" TypeHash="0" Path="" STType="" UIDType="Inner">
        <Owner TaskNumber="0" ItemID="63713" RawItemID="0" TypeHash="0" STType="" UIDType="Inner" />
      </Parent>
      <IsValueFromTheme>false</IsValueFromTheme>
      <HasSubTypeName>true</HasSubTypeName>
      <Exclude>false</Exclude>
      <Connections />
      <IsDynamized>false</IsDynamized>
      <ContiniuosUpdate>false</ContiniuosUpdate>
    </Parameter>
    <Parameter Name="Цвет рамки" ShortName="63726" Tag="63726" Role="BorderColor" Value="rgb(128,128,128)">
      <ID TaskNumber="0" ItemID="63726" RawItemID="0" TypeHash="4" Path="" STType="HMI.SolidColorType" UIDType="Inner">
        <Owner TaskNumber="0" ItemID="63713" RawItemID="0" TypeHash="0" Path="" STType="" UIDType="Inner">
          <Owner TaskNumber="0" ItemID="63713" RawItemID="0" TypeHash="0" STType="" UIDType="Inner" />
        </Owner>
      </ID>
      <Parent TaskNumber="0" ItemID="63713" RawItemID="0" TypeHash="0" Path="" STType="" UIDType="Inner">
        <Owner TaskNumber="0" ItemID="63713" RawItemID="0" TypeHash="0" STType="" UIDType="Inner" />
      </Parent>
      <IsValueFromTheme>false</IsValueFromTheme>
      <HasSubTypeName>true</HasSubTypeName>
      <Exclude>false</Exclude>
      <Connections />
      <IsDynamized>false</IsDynamized>
      <ContiniuosUpdate>false</ContiniuosUpdate>
    </Parameter>
    <Parameter Name="Заливка фона" ShortName="63727" Tag="63727" Role="BackgroundColor" Value="rgb(245,240,245)">
      <ID TaskNumber="0" ItemID="63727" RawItemID="0" TypeHash="4" Path="" STType="HMI.GradientColorType" UIDType="Inner">
        <Owner TaskNumber="0" ItemID="63713" RawItemID="0" TypeHash="0" Path="" STType="" UIDType="Inner">
          <Owner TaskNumber="0" ItemID="63713" RawItemID="0" TypeHash="0" STType="" UIDType="Inner" />
        </Owner>
      </ID>
      <Parent TaskNumber="0" ItemID="63713" RawItemID="0" TypeHash="0" Path="" STType="" UIDType="Inner">
        <Owner TaskNumber="0" ItemID="63713" RawItemID="0" TypeHash="0" STType="" UIDType="Inner" />
      </Parent>
      <IsValueFromTheme>false</IsValueFromTheme>
      <HasSubTypeName>true</HasSubTypeName>
      <Exclude>false</Exclude>
      <Connections />
      <IsDynamized>false</IsDynamized>
      <ContiniuosUpdate>false</ContiniuosUpdate>
    </Parameter>
    <Parameter Name="Прозрачность" ShortName="63728" Tag="63728" Role="Opacity" Value="100">
      <ID TaskNumber="0" ItemID="63728" RawItemID="0" TypeHash="1" Path="" STType="LREAL" UIDType="Inner">
        <Owner TaskNumber="0" ItemID="63713" RawItemID="0" TypeHash="0" Path="" STType="" UIDType="Inner">
          <Owner TaskNumber="0" ItemID="63713" RawItemID="0" TypeHash="0" STType="" UIDType="Inner" />
        </Owner>
      </ID>
      <Parent TaskNumber="0" ItemID="63713" RawItemID="0" TypeHash="0" Path="" STType="" UIDType="Inner">
        <Owner TaskNumber="0" ItemID="63713" RawItemID="0" TypeHash="0" STType="" UIDType="Inner" />
      </Parent>
      <IsValueFromTheme>false</IsValueFromTheme>
      <HasSubTypeName>true</HasSubTypeName>
      <Exclude>false</Exclude>
      <Connections />
      <IsDynamized>false</IsDynamized>
      <ContiniuosUpdate>false</ContiniuosUpdate>
    </Parameter>
    <Parameter Name="Стиль рамки" ShortName="63729" Tag="63729" Role="BorderStyle" Value="0">
      <ID TaskNumber="0" ItemID="63729" RawItemID="0" TypeHash="5" Path="" STType="HMI.BorderStyleType" UIDType="Inner">
        <Owner TaskNumber="0" ItemID="63713" RawItemID="0" TypeHash="0" Path="" STType="" UIDType="Inner">
          <Owner TaskNumber="0" ItemID="63713" RawItemID="0" TypeHash="0" STType="" UIDType="Inner" />
        </Owner>
      </ID>
      <Parent TaskNumber="0" ItemID="63713" RawItemID="0" TypeHash="0" Path="" STType="" UIDType="Inner">
        <Owner TaskNumber="0" ItemID="63713" RawItemID="0" TypeHash="0" STType="" UIDType="Inner" />
      </Parent>
      <IsValueFromTheme>false</IsValueFromTheme>
      <HasSubTypeName>true</HasSubTypeName>
      <Exclude>false</Exclude>
      <Connections />
      <IsDynamized>false</IsDynamized>
      <ContiniuosUpdate>false</ContiniuosUpdate>
    </Parameter>
    <Parameter Name="Всплывающая подсказка" ShortName="63730" Tag="63730" Role="ToolTip" Value="">
      <ID TaskNumber="0" ItemID="63730" RawItemID="0" TypeHash="4" Path="" STType="STRING" UIDType="Inner">
        <Owner TaskNumber="0" ItemID="63713" RawItemID="0" TypeHash="0" Path="" STType="" UIDType="Inner">
          <Owner TaskNumber="0" ItemID="63713" RawItemID="0" TypeHash="0" STType="" UIDType="Inner" />
        </Owner>
      </ID>
      <Parent TaskNumber="0" ItemID="63713" RawItemID="0" TypeHash="0" Path="" STType="" UIDType="Inner">
        <Owner TaskNumber="0" ItemID="63713" RawItemID="0" TypeHash="0" STType="" UIDType="Inner" />
      </Parent>
      <IsValueFromTheme>false</IsValueFromTheme>
      <HasSubTypeName>true</HasSubTypeName>
      <Exclude>false</Exclude>
      <Connections />
      <IsDynamized>false</IsDynamized>
      <ContiniuosUpdate>false</ContiniuosUpdate>
    </Parameter>
    <Parameter Name="Мигание" ShortName="63731" Tag="63731" Role="Flash" Value="False">
      <ID TaskNumber="0" ItemID="63731" RawItemID="0" TypeHash="3" Path="" STType="BOOL" UIDType="Inner">
        <Owner TaskNumber="0" ItemID="63713" RawItemID="0" TypeHash="0" Path="" STType="" UIDType="Inner">
          <Owner TaskNumber="0" ItemID="63713" RawItemID="0" TypeHash="0" STType="" UIDType="Inner" />
        </Owner>
      </ID>
      <Parent TaskNumber="0" ItemID="63713" RawItemID="0" TypeHash="0" Path="" STType="" UIDType="Inner">
        <Owner TaskNumber="0" ItemID="63713" RawItemID="0" TypeHash="0" STType="" UIDType="Inner" />
      </Parent>
      <IsValueFromTheme>false</IsValueFromTheme>
      <HasSubTypeName>true</HasSubTypeName>
      <Exclude>false</Exclude>
      <Connections />
      <IsDynamized>false</IsDynamized>
      <ContiniuosUpdate>false</ContiniuosUpdate>
    </Parameter>
    <Parameter Name="Размер тени" ShortName="63732" Tag="63732" Role="ShadowSize" Value="0">
      <ID TaskNumber="0" ItemID="63732" RawItemID="0" TypeHash="6" Path="" STType="DINT" UIDType="Inner">
        <Owner TaskNumber="0" ItemID="63713" RawItemID="0" TypeHash="0" Path="" STType="" UIDType="Inner">
          <Owner TaskNumber="0" ItemID="63713" RawItemID="0" TypeHash="0" STType="" UIDType="Inner" />
        </Owner>
      </ID>
      <Parent TaskNumber="0" ItemID="63713" RawItemID="0" TypeHash="0" Path="" STType="" UIDType="Inner">
        <Owner TaskNumber="0" ItemID="63713" RawItemID="0" TypeHash="0" STType="" UIDType="Inner" />
      </Parent>
      <IsValueFromTheme>false</IsValueFromTheme>
      <HasSubTypeName>true</HasSubTypeName>
      <Exclude>false</Exclude>
      <Connections />
      <IsDynamized>false</IsDynamized>
      <ContiniuosUpdate>false</ContiniuosUpdate>
    </Parameter>
    <Parameter Name="Цвет тени" ShortName="63733" Tag="63733" Role="ShadowColor" Value="rgb(240,240,240)">
      <ID TaskNumber="0" ItemID="63733" RawItemID="0" TypeHash="4" Path="" STType="HMI.SolidColorType" UIDType="Inner">
        <Owner TaskNumber="0" ItemID="63713" RawItemID="0" TypeHash="0" Path="" STType="" UIDType="Inner">
          <Owner TaskNumber="0" ItemID="63713" RawItemID="0" TypeHash="0" STType="" UIDType="Inner" />
        </Owner>
      </ID>
      <Parent TaskNumber="0" ItemID="63713" RawItemID="0" TypeHash="0" Path="" STType="" UIDType="Inner">
        <Owner TaskNumber="0" ItemID="63713" RawItemID="0" TypeHash="0" STType="" UIDType="Inner" />
      </Parent>
      <IsValueFromTheme>false</IsValueFromTheme>
      <HasSubTypeName>true</HasSubTypeName>
      <Exclude>false</Exclude>
      <Connections />
      <IsDynamized>false</IsDynamized>
      <ContiniuosUpdate>false</ContiniuosUpdate>
    </Parameter>
    <Parameter Name="Изображение фона" ShortName="63734" Tag="63734" Role="Resource" Value="">
      <ID TaskNumber="0" ItemID="63734" RawItemID="0" TypeHash="4" Path="" STType="HMI.ResourceType" UIDType="Inner">
        <Owner TaskNumber="0" ItemID="63713" RawItemID="0" TypeHash="0" Path="" STType="" UIDType="Inner">
          <Owner TaskNumber="0" ItemID="63713" RawItemID="0" TypeHash="0" STType="" UIDType="Inner" />
        </Owner>
      </ID>
      <Parent TaskNumber="0" ItemID="63713" RawItemID="0" TypeHash="0" Path="" STType="" UIDType="Inner">
        <Owner TaskNumber="0" ItemID="63713" RawItemID="0" TypeHash="0" STType="" UIDType="Inner" />
      </Parent>
      <IsValueFromTheme>false</IsValueFromTheme>
      <HasSubTypeName>true</HasSubTypeName>
      <Exclude>false</Exclude>
      <Connections />
      <IsDynamized>false</IsDynamized>
      <ContiniuosUpdate>false</ContiniuosUpdate>
    </Parameter>
    <Parameter Name="Замостка фона" ShortName="63735" Tag="63735" Role="BackgroundTile" Value="2">
      <ID TaskNumber="0" ItemID="63735" RawItemID="0" TypeHash="5" Path="" STType="HMI.TileType" UIDType="Inner">
        <Owner TaskNumber="0" ItemID="63713" RawItemID="0" TypeHash="0" Path="" STType="" UIDType="Inner">
          <Owner TaskNumber="0" ItemID="63713" RawItemID="0" TypeHash="0" STType="" UIDType="Inner" />
        </Owner>
      </ID>
      <Parent TaskNumber="0" ItemID="63713" RawItemID="0" TypeHash="0" Path="" STType="" UIDType="Inner">
        <Owner TaskNumber="0" ItemID="63713" RawItemID="0" TypeHash="0" STType="" UIDType="Inner" />
      </Parent>
      <IsValueFromTheme>false</IsValueFromTheme>
      <HasSubTypeName>true</HasSubTypeName>
      <Exclude>false</Exclude>
      <Connections />
      <IsDynamized>false</IsDynamized>
      <ContiniuosUpdate>false</ContiniuosUpdate>
    </Parameter>
    <Parameter Name="Видимость" ShortName="63738" Tag="63738" Role="IsVisible" Value="True">
      <ID TaskNumber="0" ItemID="63738" RawItemID="0" TypeHash="3" Path="" STType="BOOL" UIDType="Inner">
        <Owner TaskNumber="0" ItemID="63713" RawItemID="0" TypeHash="0" Path="" STType="" UIDType="Inner">
          <Owner TaskNumber="0" ItemID="63713" RawItemID="0" TypeHash="0" STType="" UIDType="Inner" />
        </Owner>
      </ID>
      <Parent TaskNumber="0" ItemID="63713" RawItemID="0" TypeHash="0" Path="" STType="" UIDType="Inner">
        <Owner TaskNumber="0" ItemID="63713" RawItemID="0" TypeHash="0" STType="" UIDType="Inner" />
      </Parent>
      <IsValueFromTheme>false</IsValueFromTheme>
      <HasSubTypeName>true</HasSubTypeName>
      <Exclude>false</Exclude>
      <Connections />
      <IsDynamized>false</IsDynamized>
      <ContiniuosUpdate>false</ContiniuosUpdate>
    </Parameter>
    <Parameter Name="Скрывать при отсутствии прав на управление" ShortName="63739" Tag="63739" Role="HideIfDenyControl" Value="False">
      <ID TaskNumber="0" ItemID="63739" RawItemID="0" TypeHash="3" Path="" STType="BOOL" UIDType="Inner">
        <Owner TaskNumber="0" ItemID="63713" RawItemID="0" TypeHash="0" Path="" STType="" UIDType="Inner">
          <Owner TaskNumber="0" ItemID="63713" RawItemID="0" TypeHash="0" STType="" UIDType="Inner" />
        </Owner>
      </ID>
      <Parent TaskNumber="0" ItemID="63713" RawItemID="0" TypeHash="0" Path="" STType="" UIDType="Inner">
        <Owner TaskNumber="0" ItemID="63713" RawItemID="0" TypeHash="0" STType="" UIDType="Inner" />
      </Parent>
      <IsValueFromTheme>false</IsValueFromTheme>
      <HasSubTypeName>true</HasSubTypeName>
      <Exclude>false</Exclude>
      <Connections />
      <IsDynamized>false</IsDynamized>
      <ContiniuosUpdate>false</ContiniuosUpdate>
    </Parameter>
    <Parameter Name="Активность" ShortName="63740" Tag="63740" Role="IsEnabled" Value="True">
      <ID TaskNumber="0" ItemID="63740" RawItemID="0" TypeHash="3" Path="" STType="BOOL" UIDType="Inner">
        <Owner TaskNumber="0" ItemID="63713" RawItemID="0" TypeHash="0" Path="" STType="" UIDType="Inner">
          <Owner TaskNumber="0" ItemID="63713" RawItemID="0" TypeHash="0" STType="" UIDType="Inner" />
        </Owner>
      </ID>
      <Parent TaskNumber="0" ItemID="63713" RawItemID="0" TypeHash="0" Path="" STType="" UIDType="Inner">
        <Owner TaskNumber="0" ItemID="63713" RawItemID="0" TypeHash="0" STType="" UIDType="Inner" />
      </Parent>
      <IsValueFromTheme>false</IsValueFromTheme>
      <HasSubTypeName>true</HasSubTypeName>
      <Exclude>false</Exclude>
      <Connections />
      <IsDynamized>false</IsDynamized>
      <ContiniuosUpdate>false</ContiniuosUpdate>
    </Parameter>
    <Parameter Name="Клавиатурный индекс" ShortName="63741" Tag="63741" Role="TabIndex" Value="0">
      <ID TaskNumber="0" ItemID="63741" RawItemID="0" TypeHash="6" Path="" STType="DINT" UIDType="Inner">
        <Owner TaskNumber="0" ItemID="63713" RawItemID="0" TypeHash="0" Path="" STType="" UIDType="Inner">
          <Owner TaskNumber="0" ItemID="63713" RawItemID="0" TypeHash="0" STType="" UIDType="Inner" />
        </Owner>
      </ID>
      <Parent TaskNumber="0" ItemID="63713" RawItemID="0" TypeHash="0" Path="" STType="" UIDType="Inner">
        <Owner TaskNumber="0" ItemID="63713" RawItemID="0" TypeHash="0" STType="" UIDType="Inner" />
      </Parent>
      <IsValueFromTheme>false</IsValueFromTheme>
      <HasSubTypeName>true</HasSubTypeName>
      <Exclude>false</Exclude>
      <Connections />
      <IsDynamized>false</IsDynamized>
      <ContiniuosUpdate>false</ContiniuosUpdate>
    </Parameter>
    <Parameter Name="Координата X" ShortName="63736" Tag="63736" Role="X" Value="0">
      <ID TaskNumber="0" ItemID="63736" RawItemID="0" TypeHash="1" Path="" STType="LREAL" UIDType="Inner">
        <Owner TaskNumber="0" ItemID="63713" RawItemID="0" TypeHash="0" Path="" STType="" UIDType="Inner">
          <Owner TaskNumber="0" ItemID="63713" RawItemID="0" TypeHash="0" STType="" UIDType="Inner" />
        </Owner>
      </ID>
      <Parent TaskNumber="0" ItemID="63713" RawItemID="0" TypeHash="0" Path="" STType="" UIDType="Inner">
        <Owner TaskNumber="0" ItemID="63713" RawItemID="0" TypeHash="0" STType="" UIDType="Inner" />
      </Parent>
      <IsValueFromTheme>false</IsValueFromTheme>
      <HasSubTypeName>true</HasSubTypeName>
      <Exclude>false</Exclude>
      <Connections />
      <IsDynamized>false</IsDynamized>
      <ContiniuosUpdate>false</ContiniuosUpdate>
    </Parameter>
    <Parameter Name="Координата Y" ShortName="63737" Tag="63737" Role="Y" Value="0">
      <ID TaskNumber="0" ItemID="63737" RawItemID="0" TypeHash="1" Path="" STType="LREAL" UIDType="Inner">
        <Owner TaskNumber="0" ItemID="63713" RawItemID="0" TypeHash="0" Path="" STType="" UIDType="Inner">
          <Owner TaskNumber="0" ItemID="63713" RawItemID="0" TypeHash="0" STType="" UIDType="Inner" />
        </Owner>
      </ID>
      <Parent TaskNumber="0" ItemID="63713" RawItemID="0" TypeHash="0" Path="" STType="" UIDType="Inner">
        <Owner TaskNumber="0" ItemID="63713" RawItemID="0" TypeHash="0" STType="" UIDType="Inner" />
      </Parent>
      <IsValueFromTheme>false</IsValueFromTheme>
      <HasSubTypeName>true</HasSubTypeName>
      <Exclude>false</Exclude>
      <Connections />
      <IsDynamized>false</IsDynamized>
      <ContiniuosUpdate>false</ContiniuosUpdate>
    </Parameter>
    <Parameter Name="Горизонтальное выравнивание" ShortName="63719" Tag="63719" Role="HorizontalAlign" Value="1">
      <ID TaskNumber="0" ItemID="63719" RawItemID="0" TypeHash="5" Path="" STType="HMI.HorizontalAlignType" UIDType="Inner">
        <Owner TaskNumber="0" ItemID="63713" RawItemID="0" TypeHash="0" Path="" STType="" UIDType="Inner">
          <Owner TaskNumber="0" ItemID="63713" RawItemID="0" TypeHash="0" STType="" UIDType="Inner" />
        </Owner>
      </ID>
      <Parent TaskNumber="0" ItemID="63713" RawItemID="0" TypeHash="0" Path="" STType="" UIDType="Inner">
        <Owner TaskNumber="0" ItemID="63713" RawItemID="0" TypeHash="0" STType="" UIDType="Inner" />
      </Parent>
      <IsValueFromTheme>false</IsValueFromTheme>
      <HasSubTypeName>true</HasSubTypeName>
      <Exclude>false</Exclude>
      <Connections />
      <IsDynamized>false</IsDynamized>
      <ContiniuosUpdate>false</ContiniuosUpdate>
    </Parameter>
    <Parameter Name="Вертикальное выравнивание" ShortName="63720" Tag="63720" Role="VerticalAlign" Value="1">
      <ID TaskNumber="0" ItemID="63720" RawItemID="0" TypeHash="5" Path="" STType="HMI.VerticalAlignType" UIDType="Inner">
        <Owner TaskNumber="0" ItemID="63713" RawItemID="0" TypeHash="0" Path="" STType="" UIDType="Inner">
          <Owner TaskNumber="0" ItemID="63713" RawItemID="0" TypeHash="0" STType="" UIDType="Inner" />
        </Owner>
      </ID>
      <Parent TaskNumber="0" ItemID="63713" RawItemID="0" TypeHash="0" Path="" STType="" UIDType="Inner">
        <Owner TaskNumber="0" ItemID="63713" RawItemID="0" TypeHash="0" STType="" UIDType="Inner" />
      </Parent>
      <IsValueFromTheme>false</IsValueFromTheme>
      <HasSubTypeName>true</HasSubTypeName>
      <Exclude>false</Exclude>
      <Connections />
      <IsDynamized>false</IsDynamized>
      <ContiniuosUpdate>false</ContiniuosUpdate>
    </Parameter>
    <Parameter Name="Вид курсора" ShortName="63721" Tag="63721" Role="MouseCursorKind" Value="0">
      <ID TaskNumber="0" ItemID="63721" RawItemID="0" TypeHash="5" Path="" STType="HMI.MouseCursorKinds" UIDType="Inner">
        <Owner TaskNumber="0" ItemID="63713" RawItemID="0" TypeHash="0" Path="" STType="" UIDType="Inner">
          <Owner TaskNumber="0" ItemID="63713" RawItemID="0" TypeHash="0" STType="" UIDType="Inner" />
        </Owner>
      </ID>
      <Parent TaskNumber="0" ItemID="63713" RawItemID="0" TypeHash="0" Path="" STType="" UIDType="Inner">
        <Owner TaskNumber="0" ItemID="63713" RawItemID="0" TypeHash="0" STType="" UIDType="Inner" />
      </Parent>
      <IsValueFromTheme>false</IsValueFromTheme>
      <HasSubTypeName>true</HasSubTypeName>
      <Exclude>false</Exclude>
      <Connections />
      <IsDynamized>false</IsDynamized>
      <ContiniuosUpdate>false</ContiniuosUpdate>
    </Parameter>
    <Parameter Name="XType" ShortName="XType" Tag="0" Role="XType" Value="1">
      <ID TaskNumber="0" ItemID="4294967285" RawItemID="0" TypeHash="5" Path="" STType="HMI.SizeType" UIDType="Inner" />
      <IsValueFromTheme>false</IsValueFromTheme>
      <HasSubTypeName>true</HasSubTypeName>
      <Exclude>false</Exclude>
      <IsDynamized>false</IsDynamized>
      <ContiniuosUpdate>false</ContiniuosUpdate>
    </Parameter>
    <Parameter Name="YType" ShortName="YType" Tag="0" Role="YType" Value="1">
      <ID TaskNumber="0" ItemID="4294967284" RawItemID="0" TypeHash="5" Path="" STType="HMI.SizeType" UIDType="Inner" />
      <IsValueFromTheme>false</IsValueFromTheme>
      <HasSubTypeName>true</HasSubTypeName>
      <Exclude>false</Exclude>
      <IsDynamized>false</IsDynamized>
      <ContiniuosUpdate>false</ContiniuosUpdate>
    </Parameter>
    <Parameter Name="ProportionType" ShortName="ProportionType" Tag="0" Role="ProportionType" Value="4">
      <ID TaskNumber="0" ItemID="4294967282" RawItemID="0" TypeHash="5" Path="" STType="HMI.ProportionType" UIDType="Inner" />
      <IsValueFromTheme>false</IsValueFromTheme>
      <HasSubTypeName>true</HasSubTypeName>
      <Exclude>false</Exclude>
      <IsDynamized>false</IsDynamized>
      <ContiniuosUpdate>false</ContiniuosUpdate>
    </Parameter>
    <Parameter Name="WidthType" ShortName="WidthType" Tag="0" Role="WidthType" Value="1">
      <ID TaskNumber="0" ItemID="4294967281" RawItemID="0" TypeHash="5" Path="" STType="HMI.SizeType" UIDType="Inner" />
      <IsValueFromTheme>false</IsValueFromTheme>
      <HasSubTypeName>true</HasSubTypeName>
      <Exclude>false</Exclude>
      <IsDynamized>false</IsDynamized>
      <ContiniuosUpdate>false</ContiniuosUpdate>
    </Parameter>
    <Parameter Name="HeightType" ShortName="HeightType" Tag="0" Role="HeightType" Value="1">
      <ID TaskNumber="0" ItemID="4294967280" RawItemID="0" TypeHash="5" Path="" STType="HMI.SizeType" UIDType="Inner" />
      <IsValueFromTheme>false</IsValueFromTheme>
      <HasSubTypeName>true</HasSubTypeName>
      <Exclude>false</Exclude>
      <IsDynamized>false</IsDynamized>
      <ContiniuosUpdate>false</ContiniuosUpdate>
    </Parameter>
  </Parameters>
  <Elements>
    <Element Name="63822" ShortName="Тренд 1" Tag="63822" TreeObject="Тренды">
      <ID TaskNumber="0" ItemID="63822" RawItemID="0" TypeHash="0" Path="" STType="" UIDType="Inner">
        <Owner TaskNumber="0" ItemID="63822" RawItemID="0" TypeHash="0" STType="" UIDType="Inner" />
      </ID>
      <Parent TaskNumber="0" ItemID="63713" RawItemID="0" TypeHash="0" Path="" STType="" UIDType="Inner">
        <Owner TaskNumber="0" ItemID="63713" RawItemID="0" TypeHash="0" STType="" UIDType="Inner" />
      </Parent>
      <UsedSTTypes>
        <string>HMI.ResourceType</string>
        <string>DINT</string>
        <string>LREAL</string>
        <string>HMI.TrendPens</string>
        <string>HMI.TrendPen</string>
        <string>STRING</string>
        <string>HMI.SolidColorType</string>
        <string>HMI.BorderStyleType</string>
        <string>REF_TO</string>
        <string>INT</string>
        <string>BOOL</string>
        <string>HMI.LineJoin</string>
        <string>HMI.PenPointType</string>
        <string>HMI.SizeType</string>
      </UsedSTTypes>
      <TypeID TaskNumber="0" ItemID="6818" RawItemID="0" TypeHash="0" Path="" STType="" UIDType="Inner">
        <Owner TaskNumber="0" ItemID="6818" RawItemID="0" TypeHash="0" STType="" UIDType="Inner" />
      </TypeID>
      <Parameters>
        <Parameter Name="Образ" ShortName="63831" Tag="63831" Role="SkinResource" Value="">
          <ID TaskNumber="0" ItemID="63831" RawItemID="0" TypeHash="4" Path="" STType="HMI.ResourceType" UIDType="Inner">
            <Owner TaskNumber="0" ItemID="63822" RawItemID="0" TypeHash="0" Path="" STType="" UIDType="Inner">
              <Owner TaskNumber="0" ItemID="63822" RawItemID="0" TypeHash="0" STType="" UIDType="Inner" />
            </Owner>
          </ID>
          <Parent TaskNumber="0" ItemID="63822" RawItemID="0" TypeHash="0" Path="" STType="" UIDType="Inner">
            <Owner TaskNumber="0" ItemID="63822" RawItemID="0" TypeHash="0" STType="" UIDType="Inner" />
          </Parent>
          <IsValueFromTheme>false</IsValueFromTheme>
          <HasSubTypeName>true</HasSubTypeName>
          <Exclude>false</Exclude>
          <Connections />
          <IsDynamized>false</IsDynamized>
          <ContiniuosUpdate>false</ContiniuosUpdate>
        </Parameter>
        <Parameter Name="Порядок Z" ShortName="63826" Tag="63826" Role="Z" Value="1">
          <ID TaskNumber="0" ItemID="63826" RawItemID="0" TypeHash="6" Path="" STType="DINT" UIDType="Inner">
            <Owner TaskNumber="0" ItemID="63822" RawItemID="0" TypeHash="0" Path="" STType="" UIDType="Inner">
              <Owner TaskNumber="0" ItemID="63822" RawItemID="0" TypeHash="0" STType="" UIDType="Inner" />
            </Owner>
          </ID>
          <Parent TaskNumber="0" ItemID="63822" RawItemID="0" TypeHash="0" Path="" STType="" UIDType="Inner">
            <Owner TaskNumber="0" ItemID="63822" RawItemID="0" TypeHash="0" STType="" UIDType="Inner" />
          </Parent>
          <IsValueFromTheme>false</IsValueFromTheme>
          <HasSubTypeName>true</HasSubTypeName>
          <Exclude>false</Exclude>
          <Connections />
          <IsDynamized>false</IsDynamized>
          <ContiniuosUpdate>false</ContiniuosUpdate>
        </Parameter>
        <Parameter Name="Ширина" ShortName="63824" Tag="63824" Role="Width" Value="1920">
          <ID TaskNumber="0" ItemID="63824" RawItemID="0" TypeHash="1" Path="" STType="LREAL" UIDType="Inner">
            <Owner TaskNumber="0" ItemID="63822" RawItemID="0" TypeHash="0" Path="" STType="" UIDType="Inner">
              <Owner TaskNumber="0" ItemID="63822" RawItemID="0" TypeHash="0" STType="" UIDType="Inner" />
            </Owner>
          </ID>
          <Parent TaskNumber="0" ItemID="63822" RawItemID="0" TypeHash="0" Path="" STType="" UIDType="Inner">
            <Owner TaskNumber="0" ItemID="63822" RawItemID="0" TypeHash="0" STType="" UIDType="Inner" />
          </Parent>
          <IsValueFromTheme>false</IsValueFromTheme>
          <HasSubTypeName>true</HasSubTypeName>
          <Exclude>false</Exclude>
          <Connections />
          <IsDynamized>false</IsDynamized>
          <ContiniuosUpdate>false</ContiniuosUpdate>
        </Parameter>
        <Parameter Name="Высота" ShortName="63825" Tag="63825" Role="Height" Value="1080">
          <ID TaskNumber="0" ItemID="63825" RawItemID="0" TypeHash="1" Path="" STType="LREAL" UIDType="Inner">
            <Owner TaskNumber="0" ItemID="63822" RawItemID="0" TypeHash="0" Path="" STType="" UIDType="Inner">
              <Owner TaskNumber="0" ItemID="63822" RawItemID="0" TypeHash="0" STType="" UIDType="Inner" />
            </Owner>
          </ID>
          <Parent TaskNumber="0" ItemID="63822" RawItemID="0" TypeHash="0" Path="" STType="" UIDType="Inner">
            <Owner TaskNumber="0" ItemID="63822" RawItemID="0" TypeHash="0" STType="" UIDType="Inner" />
          </Parent>
          <IsValueFromTheme>false</IsValueFromTheme>
          <HasSubTypeName>true</HasSubTypeName>
          <Exclude>false</Exclude>
          <Connections />
          <IsDynamized>false</IsDynamized>
          <ContiniuosUpdate>false</ContiniuosUpdate>
        </Parameter>
        <Parameter Name="Клавиатурный индекс" ShortName="63829" Tag="63829" Role="TabIndex" Value="1">
          <ID TaskNumber="0" ItemID="63829" RawItemID="0" TypeHash="6" Path="" STType="DINT" UIDType="Inner">
            <Owner TaskNumber="0" ItemID="63822" RawItemID="0" TypeHash="0" Path="" STType="" UIDType="Inner">
              <Owner TaskNumber="0" ItemID="63822" RawItemID="0" TypeHash="0" STType="" UIDType="Inner" />
            </Owner>
          </ID>
          <Parent TaskNumber="0" ItemID="63822" RawItemID="0" TypeHash="0" Path="" STType="" UIDType="Inner">
            <Owner TaskNumber="0" ItemID="63822" RawItemID="0" TypeHash="0" STType="" UIDType="Inner" />
          </Parent>
          <IsValueFromTheme>false</IsValueFromTheme>
          <HasSubTypeName>true</HasSubTypeName>
          <Exclude>false</Exclude>
          <Connections />
          <IsDynamized>false</IsDynamized>
          <ContiniuosUpdate>false</ContiniuosUpdate>
        </Parameter>
        <Parameter Name="Изображение фона" ShortName="63830" Tag="63830" Role="Resource" Value="">
          <ID TaskNumber="0" ItemID="63830" RawItemID="0" TypeHash="4" Path="" STType="HMI.ResourceType" UIDType="Inner">
            <Owner TaskNumber="0" ItemID="63822" RawItemID="0" TypeHash="0" Path="" STType="" UIDType="Inner">
              <Owner TaskNumber="0" ItemID="63822" RawItemID="0" TypeHash="0" STType="" UIDType="Inner" />
            </Owner>
          </ID>
          <Parent TaskNumber="0" ItemID="63822" RawItemID="0" TypeHash="0" Path="" STType="" UIDType="Inner">
            <Owner TaskNumber="0" ItemID="63822" RawItemID="0" TypeHash="0" STType="" UIDType="Inner" />
          </Parent>
          <IsValueFromTheme>false</IsValueFromTheme>
          <HasSubTypeName>true</HasSubTypeName>
          <Exclude>false</Exclude>
          <Connections />
          <IsDynamized>false</IsDynamized>
          <ContiniuosUpdate>false</ContiniuosUpdate>
        </Parameter>
        <Parameter Name="Координата X" ShortName="63827" Tag="63827" Role="X" Value="0">
          <ID TaskNumber="0" ItemID="63827" RawItemID="0" TypeHash="1" Path="" STType="LREAL" UIDType="Inner">
            <Owner TaskNumber="0" ItemID="63822" RawItemID="0" TypeHash="0" Path="" STType="" UIDType="Inner">
              <Owner TaskNumber="0" ItemID="63822" RawItemID="0" TypeHash="0" STType="" UIDType="Inner" />
            </Owner>
          </ID>
          <Parent TaskNumber="0" ItemID="63822" RawItemID="0" TypeHash="0" Path="" STType="" UIDType="Inner">
            <Owner TaskNumber="0" ItemID="63822" RawItemID="0" TypeHash="0" STType="" UIDType="Inner" />
          </Parent>
          <IsValueFromTheme>false</IsValueFromTheme>
          <HasSubTypeName>true</HasSubTypeName>
          <Exclude>false</Exclude>
          <Connections />
          <IsDynamized>false</IsDynamized>
          <ContiniuosUpdate>false</ContiniuosUpdate>
        </Parameter>
        <Parameter Name="Координата Y" ShortName="63828" Tag="63828" Role="Y" Value="0">
          <ID TaskNumber="0" ItemID="63828" RawItemID="0" TypeHash="1" Path="" STType="LREAL" UIDType="Inner">
            <Owner TaskNumber="0" ItemID="63822" RawItemID="0" TypeHash="0" Path="" STType="" UIDType="Inner">
              <Owner TaskNumber="0" ItemID="63822" RawItemID="0" TypeHash="0" STType="" UIDType="Inner" />
            </Owner>
          </ID>
          <Parent TaskNumber="0" ItemID="63822" RawItemID="0" TypeHash="0" Path="" STType="" UIDType="Inner">
            <Owner TaskNumber="0" ItemID="63822" RawItemID="0" TypeHash="0" STType="" UIDType="Inner" />
          </Parent>
          <IsValueFromTheme>false</IsValueFromTheme>
          <HasSubTypeName>true</HasSubTypeName>
          <Exclude>false</Exclude>
          <Connections />
          <IsDynamized>false</IsDynamized>
          <ContiniuosUpdate>false</ContiniuosUpdate>
        </Parameter>
        <Parameter Name="Перья" ShortName="63835" Tag="63835" Role="PensData" Value="">
          <ID TaskNumber="0" ItemID="63835" RawItemID="0" TypeHash="0" Path="" STType="HMI.TrendPens" UIDType="Inner">
            <Owner TaskNumber="0" ItemID="63822" RawItemID="0" TypeHash="0" Path="" STType="" UIDType="Inner">
              <Owner TaskNumber="0" ItemID="63822" RawItemID="0" TypeHash="0" STType="" UIDType="Inner" />
            </Owner>
          </ID>
          <Parent TaskNumber="0" ItemID="63822" RawItemID="0" TypeHash="0" Path="" STType="" UIDType="Inner">
            <Owner TaskNumber="0" ItemID="63822" RawItemID="0" TypeHash="0" STType="" UIDType="Inner" />
          </Parent>
          <IsValueFromTheme>false</IsValueFromTheme>
          <HasSubTypeName>true</HasSubTypeName>
          <Exclude>false</Exclude>
          <ChildValues>
            <Parameter Name="Давление" ShortName="63837" Tag="63837" Role="Davlenie" Value="">
              <ID TaskNumber="0" ItemID="63837" RawItemID="0" TypeHash="0" Path="PensData[0]" STType="HMI.TrendPen" UIDType="Inner">
                <Owner TaskNumber="0" ItemID="63822" RawItemID="0" TypeHash="0" Path="" STType="" UIDType="Inner">
                  <Owner TaskNumber="0" ItemID="63822" RawItemID="0" TypeHash="0" STType="" UIDType="Inner" />
                </Owner>
              </ID>
              <Parent TaskNumber="0" ItemID="63835" RawItemID="0" TypeHash="0" Path="" STType="HMI.TrendPens" UIDType="Inner">
                <Owner TaskNumber="0" ItemID="63822" RawItemID="0" TypeHash="0" Path="" STType="" UIDType="Inner">
                  <Owner TaskNumber="0" ItemID="63822" RawItemID="0" TypeHash="0" STType="" UIDType="Inner" />
                </Owner>
              </Parent>
              <IsValueFromTheme>false</IsValueFromTheme>
              <HasSubTypeName>false</HasSubTypeName>
              <Exclude>false</Exclude>
              <ChildValues>
                <Parameter Name="MinY" ShortName="63838" Tag="63838" Role="MinY" Value="0">
                  <ID TaskNumber="0" ItemID="63838" RawItemID="0" TypeHash="1" Path="PensData[0].MinY" STType="LREAL" UIDType="Inner">
                    <Owner TaskNumber="0" ItemID="63822" RawItemID="0" TypeHash="0" Path="" STType="" UIDType="Inner">
                      <Owner TaskNumber="0" ItemID="63822" RawItemID="0" TypeHash="0" STType="" UIDType="Inner" />
                    </Owner>
                  </ID>
                  <Parent TaskNumber="0" ItemID="63837" RawItemID="0" TypeHash="0" Path="PensData[0]" STType="HMI.TrendPen" UIDType="Inner">
                    <Owner TaskNumber="0" ItemID="63822" RawItemID="0" TypeHash="0" Path="" STType="" UIDType="Inner">
                      <Owner TaskNumber="0" ItemID="63822" RawItemID="0" TypeHash="0" STType="" UIDType="Inner" />
                    </Owner>
                  </Parent>
                  <IsValueFromTheme>false</IsValueFromTheme>
                  <HasSubTypeName>true</HasSubTypeName>
                  <Exclude>false</Exclude>
                  <Connections />
                  <IsDynamized>false</IsDynamized>
                  <ContiniuosUpdate>false</ContiniuosUpdate>
                </Parameter>
                <Parameter Name="MaxY" ShortName="63839" Tag="63839" Role="MaxY" Value="3">
                  <ID TaskNumber="0" ItemID="63839" RawItemID="0" TypeHash="1" Path="PensData[0].MaxY" STType="LREAL" UIDType="Inner">
                    <Owner TaskNumber="0" ItemID="63822" RawItemID="0" TypeHash="0" Path="" STType="" UIDType="Inner">
                      <Owner TaskNumber="0" ItemID="63822" RawItemID="0" TypeHash="0" STType="" UIDType="Inner" />
                    </Owner>
                  </ID>
                  <Parent TaskNumber="0" ItemID="63837" RawItemID="0" TypeHash="0" Path="PensData[0]" STType="HMI.TrendPen" UIDType="Inner">
                    <Owner TaskNumber="0" ItemID="63822" RawItemID="0" TypeHash="0" Path="" STType="" UIDType="Inner">
                      <Owner TaskNumber="0" ItemID="63822" RawItemID="0" TypeHash="0" STType="" UIDType="Inner" />
                    </Owner>
                  </Parent>
                  <IsValueFromTheme>false</IsValueFromTheme>
                  <HasSubTypeName>true</HasSubTypeName>
                  <Exclude>false</Exclude>
                  <Connections />
                  <IsDynamized>false</IsDynamized>
                  <ContiniuosUpdate>false</ContiniuosUpdate>
                </Parameter>
                <Parameter Name="Подпись Y " ShortName="63840" Tag="63840" Role="YAxisLabel" Value="">
                  <ID TaskNumber="0" ItemID="63840" RawItemID="0" TypeHash="4" Path="PensData[0].Podpisj_Y_" STType="STRING" UIDType="Inner">
                    <Owner TaskNumber="0" ItemID="63822" RawItemID="0" TypeHash="0" Path="" STType="" UIDType="Inner">
                      <Owner TaskNumber="0" ItemID="63822" RawItemID="0" TypeHash="0" STType="" UIDType="Inner" />
                    </Owner>
                  </ID>
                  <Parent TaskNumber="0" ItemID="63837" RawItemID="0" TypeHash="0" Path="PensData[0]" STType="HMI.TrendPen" UIDType="Inner">
                    <Owner TaskNumber="0" ItemID="63822" RawItemID="0" TypeHash="0" Path="" STType="" UIDType="Inner">
                      <Owner TaskNumber="0" ItemID="63822" RawItemID="0" TypeHash="0" STType="" UIDType="Inner" />
                    </Owner>
                  </Parent>
                  <IsValueFromTheme>false</IsValueFromTheme>
                  <HasSubTypeName>true</HasSubTypeName>
                  <Exclude>false</Exclude>
                  <Connections />
                  <IsDynamized>false</IsDynamized>
                  <ContiniuosUpdate>false</ContiniuosUpdate>
                </Parameter>
                <Parameter Name="Цвет пера" ShortName="63841" Tag="63841" Role="Color" Value="rgb(0,0,0)">
                  <ID TaskNumber="0" ItemID="63841" RawItemID="0" TypeHash="4" Path="PensData[0].Cvet_pera" STType="HMI.SolidColorType" UIDType="Inner">
                    <Owner TaskNumber="0" ItemID="63822" RawItemID="0" TypeHash="0" Path="" STType="" UIDType="Inner">
                      <Owner TaskNumber="0" ItemID="63822" RawItemID="0" TypeHash="0" STType="" UIDType="Inner" />
                    </Owner>
                  </ID>
                  <Parent TaskNumber="0" ItemID="63837" RawItemID="0" TypeHash="0" Path="PensData[0]" STType="HMI.TrendPen" UIDType="Inner">
                    <Owner TaskNumber="0" ItemID="63822" RawItemID="0" TypeHash="0" Path="" STType="" UIDType="Inner">
                      <Owner TaskNumber="0" ItemID="63822" RawItemID="0" TypeHash="0" STType="" UIDType="Inner" />
                    </Owner>
                  </Parent>
                  <IsValueFromTheme>false</IsValueFromTheme>
                  <HasSubTypeName>true</HasSubTypeName>
                  <Exclude>false</Exclude>
                  <Connections />
                  <IsDynamized>false</IsDynamized>
                  <ContiniuosUpdate>false</ContiniuosUpdate>
                </Parameter>
                <Parameter Name="Стиль линии" ShortName="63842" Tag="63842" Role="LineStyle" Value="0">
                  <ID TaskNumber="0" ItemID="63842" RawItemID="0" TypeHash="5" Path="PensData[0].Stilj_linii" STType="HMI.BorderStyleType" UIDType="Inner">
                    <Owner TaskNumber="0" ItemID="63822" RawItemID="0" TypeHash="0" Path="" STType="" UIDType="Inner">
                      <Owner TaskNumber="0" ItemID="63822" RawItemID="0" TypeHash="0" STType="" UIDType="Inner" />
                    </Owner>
                  </ID>
                  <Parent TaskNumber="0" ItemID="63837" RawItemID="0" TypeHash="0" Path="PensData[0]" STType="HMI.TrendPen" UIDType="Inner">
                    <Owner TaskNumber="0" ItemID="63822" RawItemID="0" TypeHash="0" Path="" STType="" UIDType="Inner">
                      <Owner TaskNumber="0" ItemID="63822" RawItemID="0" TypeHash="0" STType="" UIDType="Inner" />
                    </Owner>
                  </Parent>
                  <IsValueFromTheme>false</IsValueFromTheme>
                  <HasSubTypeName>true</HasSubTypeName>
                  <Exclude>false</Exclude>
                  <Connections />
                  <IsDynamized>false</IsDynamized>
                  <ContiniuosUpdate>false</ContiniuosUpdate>
                </Parameter>
                <Parameter Name="Значение" ShortName="63843" Tag="63843" Role="DataSource" Value="0">
                  <ID TaskNumber="0" ItemID="63843" RawItemID="0" TypeHash="7" Path="PensData[0].Znachenie" STType="REF_TO" UIDType="Inner">
                    <Owner TaskNumber="0" ItemID="63822" RawItemID="0" TypeHash="0" Path="" STType="" UIDType="Inner">
                      <Owner TaskNumber="0" ItemID="63822" RawItemID="0" TypeHash="0" STType="" UIDType="Inner" />
                    </Owner>
                  </ID>
                  <Parent TaskNumber="0" ItemID="63837" RawItemID="0" TypeHash="0" Path="PensData[0]" STType="HMI.TrendPen" UIDType="Inner">
                    <Owner TaskNumber="0" ItemID="63822" RawItemID="0" TypeHash="0" Path="" STType="" UIDType="Inner">
                      <Owner TaskNumber="0" ItemID="63822" RawItemID="0" TypeHash="0" STType="" UIDType="Inner" />
                    </Owner>
                  </Parent>
                  <IsValueFromTheme>false</IsValueFromTheme>
                  <HasSubTypeName>true</HasSubTypeName>
                  <Exclude>false</Exclude>
                  <Connections>
                    <Connection Name="63857" ShortName="63857" Tag="63857" Direction="Backward">
                      <ID TaskNumber="0" ItemID="63857" RawItemID="0" TypeHash="0" Path="" STType="" UIDType="Inner">
                        <Owner TaskNumber="0" ItemID="63713" RawItemID="0" TypeHash="0" STType="" UIDType="Inner" />
                      </ID>
                      <Parent TaskNumber="0" ItemID="63843" RawItemID="0" TypeHash="7" Path="PensData[0].Znachenie" STType="REF_TO" UIDType="Inner">
                        <Owner TaskNumber="0" ItemID="63822" RawItemID="0" TypeHash="0" Path="" STType="" UIDType="Inner">
                          <Owner TaskNumber="0" ItemID="63822" RawItemID="0" TypeHash="0" STType="" UIDType="Inner" />
                        </Owner>
                      </Parent>
                      <Target TaskNumber="0" ItemID="60190" RawItemID="60190" TypeHash="1" Path="" STType="LREAL" UIDType="MasterPLC" />
                      <UpdateType>true</UpdateType>
                      <HasBackward>false</HasBackward>
                    </Connection>
                  </Connections>
                  <IsDynamized>false</IsDynamized>
                  <ContiniuosUpdate>false</ContiniuosUpdate>
                </Parameter>
                <Parameter Name="Единица измерения" ShortName="63844" Tag="63844" Role="Unit" Value="Бар">
                  <ID TaskNumber="0" ItemID="63844" RawItemID="0" TypeHash="4" Path="PensData[0].Edinica_izmereniya" STType="STRING" UIDType="Inner">
                    <Owner TaskNumber="0" ItemID="63822" RawItemID="0" TypeHash="0" Path="" STType="" UIDType="Inner">
                      <Owner TaskNumber="0" ItemID="63822" RawItemID="0" TypeHash="0" STType="" UIDType="Inner" />
                    </Owner>
                  </ID>
                  <Parent TaskNumber="0" ItemID="63837" RawItemID="0" TypeHash="0" Path="PensData[0]" STType="HMI.TrendPen" UIDType="Inner">
                    <Owner TaskNumber="0" ItemID="63822" RawItemID="0" TypeHash="0" Path="" STType="" UIDType="Inner">
                      <Owner TaskNumber="0" ItemID="63822" RawItemID="0" TypeHash="0" STType="" UIDType="Inner" />
                    </Owner>
                  </Parent>
                  <IsValueFromTheme>false</IsValueFromTheme>
                  <HasSubTypeName>true</HasSubTypeName>
                  <Exclude>false</Exclude>
                  <Connections />
                  <IsDynamized>false</IsDynamized>
                  <ContiniuosUpdate>false</ContiniuosUpdate>
                </Parameter>
                <Parameter Name="Формат значений Y" ShortName="63845" Tag="63845" Role="YFormat" Value="f3">
                  <ID TaskNumber="0" ItemID="63845" RawItemID="0" TypeHash="4" Path="PensData[0].Format_znachenij_Y" STType="STRING" UIDType="Inner">
                    <Owner TaskNumber="0" ItemID="63822" RawItemID="0" TypeHash="0" Path="" STType="" UIDType="Inner">
                      <Owner TaskNumber="0" ItemID="63822" RawItemID="0" TypeHash="0" STType="" UIDType="Inner" />
                    </Owner>
                  </ID>
                  <Parent TaskNumber="0" ItemID="63837" RawItemID="0" TypeHash="0" Path="PensData[0]" STType="HMI.TrendPen" UIDType="Inner">
                    <Owner TaskNumber="0" ItemID="63822" RawItemID="0" TypeHash="0" Path="" STType="" UIDType="Inner">
                      <Owner TaskNumber="0" ItemID="63822" RawItemID="0" TypeHash="0" STType="" UIDType="Inner" />
                    </Owner>
                  </Parent>
                  <IsValueFromTheme>false</IsValueFromTheme>
                  <HasSubTypeName>true</HasSubTypeName>
                  <Exclude>false</Exclude>
                  <Connections />
                  <IsDynamized>false</IsDynamized>
                  <ContiniuosUpdate>false</ContiniuosUpdate>
                </Parameter>
                <Parameter Name="Количество делений Y" ShortName="63846" Tag="63846" Role="TickCountY" Value="5">
                  <ID TaskNumber="0" ItemID="63846" RawItemID="0" TypeHash="6" Path="PensData[0].Kolichestvo_delenij_Y" STType="INT" UIDType="Inner">
                    <Owner TaskNumber="0" ItemID="63822" RawItemID="0" TypeHash="0" Path="" STType="" UIDType="Inner">
                      <Owner TaskNumber="0" ItemID="63822" RawItemID="0" TypeHash="0" STType="" UIDType="Inner" />
                    </Owner>
                  </ID>
                  <Parent TaskNumber="0" ItemID="63837" RawItemID="0" TypeHash="0" Path="PensData[0]" STType="HMI.TrendPen" UIDType="Inner">
                    <Owner TaskNumber="0" ItemID="63822" RawItemID="0" TypeHash="0" Path="" STType="" UIDType="Inner">
                      <Owner TaskNumber="0" ItemID="63822" RawItemID="0" TypeHash="0" STType="" UIDType="Inner" />
                    </Owner>
                  </Parent>
                  <IsValueFromTheme>false</IsValueFromTheme>
                  <HasSubTypeName>true</HasSubTypeName>
                  <Exclude>false</Exclude>
                  <Connections />
                  <IsDynamized>false</IsDynamized>
                  <ContiniuosUpdate>false</ContiniuosUpdate>
                </Parameter>
                <Parameter Name="Толщина линии" ShortName="63847" Tag="63847" Role="Thickness" Value="1">
                  <ID TaskNumber="0" ItemID="63847" RawItemID="0" TypeHash="1" Path="PensData[0].Tolschina_linii" STType="LREAL" UIDType="Inner">
                    <Owner TaskNumber="0" ItemID="63822" RawItemID="0" TypeHash="0" Path="" STType="" UIDType="Inner">
                      <Owner TaskNumber="0" ItemID="63822" RawItemID="0" TypeHash="0" STType="" UIDType="Inner" />
                    </Owner>
                  </ID>
                  <Parent TaskNumber="0" ItemID="63837" RawItemID="0" TypeHash="0" Path="PensData[0]" STType="HMI.TrendPen" UIDType="Inner">
                    <Owner TaskNumber="0" ItemID="63822" RawItemID="0" TypeHash="0" Path="" STType="" UIDType="Inner">
                      <Owner TaskNumber="0" ItemID="63822" RawItemID="0" TypeHash="0" STType="" UIDType="Inner" />
                    </Owner>
                  </Parent>
                  <IsValueFromTheme>false</IsValueFromTheme>
                  <HasSubTypeName>true</HasSubTypeName>
                  <Exclude>false</Exclude>
                  <Connections />
                  <IsDynamized>false</IsDynamized>
                  <ContiniuosUpdate>false</ContiniuosUpdate>
                </Parameter>
                <Parameter Name="Дорисовка констант" ShortName="63848" Tag="63848" Role="DrawConstant" Value="True">
                  <ID TaskNumber="0" ItemID="63848" RawItemID="0" TypeHash="3" Path="PensData[0].Dorisovka_konstant" STType="BOOL" UIDType="Inner">
                    <Owner TaskNumber="0" ItemID="63822" RawItemID="0" TypeHash="0" Path="" STType="" UIDType="Inner">
                      <Owner TaskNumber="0" ItemID="63822" RawItemID="0" TypeHash="0" STType="" UIDType="Inner" />
                    </Owner>
                  </ID>
                  <Parent TaskNumber="0" ItemID="63837" RawItemID="0" TypeHash="0" Path="PensData[0]" STType="HMI.TrendPen" UIDType="Inner">
                    <Owner TaskNumber="0" ItemID="63822" RawItemID="0" TypeHash="0" Path="" STType="" UIDType="Inner">
                      <Owner TaskNumber="0" ItemID="63822" RawItemID="0" TypeHash="0" STType="" UIDType="Inner" />
                    </Owner>
                  </Parent>
                  <IsValueFromTheme>false</IsValueFromTheme>
                  <HasSubTypeName>true</HasSubTypeName>
                  <Exclude>false</Exclude>
                  <Connections />
                  <IsDynamized>false</IsDynamized>
                  <ContiniuosUpdate>false</ContiniuosUpdate>
                </Parameter>
                <Parameter Name="Видимость" ShortName="63849" Tag="63849" Role="IsVisible" Value="True">
                  <ID TaskNumber="0" ItemID="63849" RawItemID="0" TypeHash="3" Path="PensData[0].Vidimostj" STType="BOOL" UIDType="Inner">
                    <Owner TaskNumber="0" ItemID="63822" RawItemID="0" TypeHash="0" Path="" STType="" UIDType="Inner">
                      <Owner TaskNumber="0" ItemID="63822" RawItemID="0" TypeHash="0" STType="" UIDType="Inner" />
                    </Owner>
                  </ID>
                  <Parent TaskNumber="0" ItemID="63837" RawItemID="0" TypeHash="0" Path="PensData[0]" STType="HMI.TrendPen" UIDType="Inner">
                    <Owner TaskNumber="0" ItemID="63822" RawItemID="0" TypeHash="0" Path="" STType="" UIDType="Inner">
                      <Owner TaskNumber="0" ItemID="63822" RawItemID="0" TypeHash="0" STType="" UIDType="Inner" />
                    </Owner>
                  </Parent>
                  <IsValueFromTheme>false</IsValueFromTheme>
                  <HasSubTypeName>true</HasSubTypeName>
                  <Exclude>false</Exclude>
                  <Connections />
                  <IsDynamized>false</IsDynamized>
                  <ContiniuosUpdate>false</ContiniuosUpdate>
                </Parameter>
                <Parameter Name="Тип графика" ShortName="63850" Tag="63850" Role="LineJoin" Value="0">
                  <ID TaskNumber="0" ItemID="63850" RawItemID="0" TypeHash="5" Path="PensData[0].Tip_grafika" STType="HMI.LineJoin" UIDType="Inner">
                    <Owner TaskNumber="0" ItemID="63822" RawItemID="0" TypeHash="0" Path="" STType="" UIDType="Inner">
                      <Owner TaskNumber="0" ItemID="63822" RawItemID="0" TypeHash="0" STType="" UIDType="Inner" />
                    </Owner>
                  </ID>
                  <Parent TaskNumber="0" ItemID="63837" RawItemID="0" TypeHash="0" Path="PensData[0]" STType="HMI.TrendPen" UIDType="Inner">
                    <Owner TaskNumber="0" ItemID="63822" RawItemID="0" TypeHash="0" Path="" STType="" UIDType="Inner">
                      <Owner TaskNumber="0" ItemID="63822" RawItemID="0" TypeHash="0" STType="" UIDType="Inner" />
                    </Owner>
                  </Parent>
                  <IsValueFromTheme>false</IsValueFromTheme>
                  <HasSubTypeName>true</HasSubTypeName>
                  <Exclude>false</Exclude>
                  <Connections />
                  <IsDynamized>false</IsDynamized>
                  <ContiniuosUpdate>false</ContiniuosUpdate>
                </Parameter>
                <Parameter Name="Автомасштабирование" ShortName="63851" Tag="63851" Role="Autoscale" Value="False">
                  <ID TaskNumber="0" ItemID="63851" RawItemID="0" TypeHash="3" Path="PensData[0].Avtomasshtabirovanie" STType="BOOL" UIDType="Inner">
                    <Owner TaskNumber="0" ItemID="63822" RawItemID="0" TypeHash="0" Path="" STType="" UIDType="Inner">
                      <Owner TaskNumber="0" ItemID="63822" RawItemID="0" TypeHash="0" STType="" UIDType="Inner" />
                    </Owner>
                  </ID>
                  <Parent TaskNumber="0" ItemID="63837" RawItemID="0" TypeHash="0" Path="PensData[0]" STType="HMI.TrendPen" UIDType="Inner">
                    <Owner TaskNumber="0" ItemID="63822" RawItemID="0" TypeHash="0" Path="" STType="" UIDType="Inner">
                      <Owner TaskNumber="0" ItemID="63822" RawItemID="0" TypeHash="0" STType="" UIDType="Inner" />
                    </Owner>
                  </Parent>
                  <IsValueFromTheme>false</IsValueFromTheme>
                  <HasSubTypeName>true</HasSubTypeName>
                  <Exclude>false</Exclude>
                  <Connections />
                  <IsDynamized>false</IsDynamized>
                  <ContiniuosUpdate>false</ContiniuosUpdate>
                </Parameter>
                <Parameter Name="Тип точек" ShortName="63852" Tag="63852" Role="PointType" Value="0">
                  <ID TaskNumber="0" ItemID="63852" RawItemID="0" TypeHash="5" Path="PensData[0].Tip_tochek" STType="HMI.PenPointType" UIDType="Inner">
                    <Owner TaskNumber="0" ItemID="63822" RawItemID="0" TypeHash="0" Path="" STType="" UIDType="Inner">
                      <Owner TaskNumber="0" ItemID="63822" RawItemID="0" TypeHash="0" STType="" UIDType="Inner" />
                    </Owner>
                  </ID>
                  <Parent TaskNumber="0" ItemID="63837" RawItemID="0" TypeHash="0" Path="PensData[0]" STType="HMI.TrendPen" UIDType="Inner">
                    <Owner TaskNumber="0" ItemID="63822" RawItemID="0" TypeHash="0" Path="" STType="" UIDType="Inner">
                      <Owner TaskNumber="0" ItemID="63822" RawItemID="0" TypeHash="0" STType="" UIDType="Inner" />
                    </Owner>
                  </Parent>
                  <IsValueFromTheme>false</IsValueFromTheme>
                  <HasSubTypeName>true</HasSubTypeName>
                  <Exclude>false</Exclude>
                  <Connections />
                  <IsDynamized>false</IsDynamized>
                  <ContiniuosUpdate>false</ContiniuosUpdate>
                </Parameter>
                <Parameter Name="Размер точек" ShortName="63853" Tag="63853" Role="PointSize" Value="0">
                  <ID TaskNumber="0" ItemID="63853" RawItemID="0" TypeHash="1" Path="PensData[0].Razmer_tochek" STType="LREAL" UIDType="Inner">
                    <Owner TaskNumber="0" ItemID="63822" RawItemID="0" TypeHash="0" Path="" STType="" UIDType="Inner">
                      <Owner TaskNumber="0" ItemID="63822" RawItemID="0" TypeHash="0" STType="" UIDType="Inner" />
                    </Owner>
                  </ID>
                  <Parent TaskNumber="0" ItemID="63837" RawItemID="0" TypeHash="0" Path="PensData[0]" STType="HMI.TrendPen" UIDType="Inner">
                    <Owner TaskNumber="0" ItemID="63822" RawItemID="0" TypeHash="0" Path="" STType="" UIDType="Inner">
                      <Owner TaskNumber="0" ItemID="63822" RawItemID="0" TypeHash="0" STType="" UIDType="Inner" />
                    </Owner>
                  </Parent>
                  <IsValueFromTheme>false</IsValueFromTheme>
                  <HasSubTypeName>true</HasSubTypeName>
                  <Exclude>false</Exclude>
                  <Connections />
                  <IsDynamized>false</IsDynamized>
                  <ContiniuosUpdate>false</ContiniuosUpdate>
                </Parameter>
                <Parameter Name="Отображать ось значений" ShortName="63854" Tag="63854" Role="ShowAxis" Value="True">
                  <ID TaskNumber="0" ItemID="63854" RawItemID="0" TypeHash="3" Path="PensData[0].Otobrazhatj_osj_znachenij" STType="BOOL" UIDType="Inner">
                    <Owner TaskNumber="0" ItemID="63822" RawItemID="0" TypeHash="0" Path="" STType="" UIDType="Inner">
                      <Owner TaskNumber="0" ItemID="63822" RawItemID="0" TypeHash="0" STType="" UIDType="Inner" />
                    </Owner>
                  </ID>
                  <Parent TaskNumber="0" ItemID="63837" RawItemID="0" TypeHash="0" Path="PensData[0]" STType="HMI.TrendPen" UIDType="Inner">
                    <Owner TaskNumber="0" ItemID="63822" RawItemID="0" TypeHash="0" Path="" STType="" UIDType="Inner">
                      <Owner TaskNumber="0" ItemID="63822" RawItemID="0" TypeHash="0" STType="" UIDType="Inner" />
                    </Owner>
                  </Parent>
                  <IsValueFromTheme>false</IsValueFromTheme>
                  <HasSubTypeName>true</HasSubTypeName>
                  <Exclude>false</Exclude>
                  <Connections />
                  <IsDynamized>false</IsDynamized>
                  <ContiniuosUpdate>false</ContiniuosUpdate>
                </Parameter>
                <Parameter Name="Главное перо в группе" ShortName="63855" Tag="63855" Role="MainPenGroup" Value="False">
                  <ID TaskNumber="0" ItemID="63855" RawItemID="0" TypeHash="3" Path="PensData[0].Glavnoe_pero_v_gruppe" STType="BOOL" UIDType="Inner">
                    <Owner TaskNumber="0" ItemID="63822" RawItemID="0" TypeHash="0" Path="" STType="" UIDType="Inner">
                      <Owner TaskNumber="0" ItemID="63822" RawItemID="0" TypeHash="0" STType="" UIDType="Inner" />
                    </Owner>
                  </ID>
                  <Parent TaskNumber="0" ItemID="63837" RawItemID="0" TypeHash="0" Path="PensData[0]" STType="HMI.TrendPen" UIDType="Inner">
                    <Owner TaskNumber="0" ItemID="63822" RawItemID="0" TypeHash="0" Path="" STType="" UIDType="Inner">
                      <Owner TaskNumber="0" ItemID="63822" RawItemID="0" TypeHash="0" STType="" UIDType="Inner" />
                    </Owner>
                  </Parent>
                  <IsValueFromTheme>false</IsValueFromTheme>
                  <HasSubTypeName>true</HasSubTypeName>
                  <Exclude>false</Exclude>
                  <Connections />
                  <IsDynamized>false</IsDynamized>
                  <ContiniuosUpdate>false</ContiniuosUpdate>
                </Parameter>
                <Parameter Name="Название группы" ShortName="63856" Tag="63856" Role="GroupName" Value="">
                  <ID TaskNumber="0" ItemID="63856" RawItemID="0" TypeHash="4" Path="PensData[0].Nazvanie_gruppi" STType="STRING" UIDType="Inner">
                    <Owner TaskNumber="0" ItemID="63822" RawItemID="0" TypeHash="0" Path="" STType="" UIDType="Inner">
                      <Owner TaskNumber="0" ItemID="63822" RawItemID="0" TypeHash="0" STType="" UIDType="Inner" />
                    </Owner>
                  </ID>
                  <Parent TaskNumber="0" ItemID="63837" RawItemID="0" TypeHash="0" Path="PensData[0]" STType="HMI.TrendPen" UIDType="Inner">
                    <Owner TaskNumber="0" ItemID="63822" RawItemID="0" TypeHash="0" Path="" STType="" UIDType="Inner">
                      <Owner TaskNumber="0" ItemID="63822" RawItemID="0" TypeHash="0" STType="" UIDType="Inner" />
                    </Owner>
                  </Parent>
                  <IsValueFromTheme>false</IsValueFromTheme>
                  <HasSubTypeName>true</HasSubTypeName>
                  <Exclude>false</Exclude>
                  <Connections />
                  <IsDynamized>false</IsDynamized>
                  <ContiniuosUpdate>false</ContiniuosUpdate>
                </Parameter>
              </ChildValues>
              <Connections />
              <IsDynamized>false</IsDynamized>
              <ContiniuosUpdate>false</ContiniuosUpdate>
            </Parameter>
          </ChildValues>
          <Connections />
          <IsDynamized>false</IsDynamized>
          <ContiniuosUpdate>false</ContiniuosUpdate>
        </Parameter>
        <Parameter Name="Тип графика по умолчанию" ShortName="63836" Tag="63836" Role="LineJoinDefault" Value="0">
          <ID TaskNumber="0" ItemID="63836" RawItemID="0" TypeHash="5" Path="" STType="HMI.LineJoin" UIDType="Inner">
            <Owner TaskNumber="0" ItemID="63822" RawItemID="0" TypeHash="0" Path="" STType="" UIDType="Inner">
              <Owner TaskNumber="0" ItemID="63822" RawItemID="0" TypeHash="0" STType="" UIDType="Inner" />
            </Owner>
          </ID>
          <Parent TaskNumber="0" ItemID="63822" RawItemID="0" TypeHash="0" Path="" STType="" UIDType="Inner">
            <Owner TaskNumber="0" ItemID="63822" RawItemID="0" TypeHash="0" STType="" UIDType="Inner" />
          </Parent>
          <IsValueFromTheme>false</IsValueFromTheme>
          <HasSubTypeName>true</HasSubTypeName>
          <Exclude>false</Exclude>
          <Connections />
          <IsDynamized>false</IsDynamized>
          <ContiniuosUpdate>false</ContiniuosUpdate>
        </Parameter>
        <Parameter Name="XType" ShortName="XType" Tag="0" Role="XType" Value="1">
          <ID TaskNumber="0" ItemID="4294967239" RawItemID="0" TypeHash="5" Path="" STType="HMI.SizeType" UIDType="Inner" />
          <Parent TaskNumber="0" ItemID="63713" RawItemID="0" TypeHash="0" Path="" STType="" UIDType="Inner">
            <Owner TaskNumber="0" ItemID="63713" RawItemID="0" TypeHash="0" STType="" UIDType="Inner" />
          </Parent>
          <IsValueFromTheme>false</IsValueFromTheme>
          <HasSubTypeName>true</HasSubTypeName>
          <Exclude>false</Exclude>
          <IsDynamized>false</IsDynamized>
          <ContiniuosUpdate>false</ContiniuosUpdate>
        </Parameter>
        <Parameter Name="YType" ShortName="YType" Tag="0" Role="YType" Value="1">
          <ID TaskNumber="0" ItemID="4294967237" RawItemID="0" TypeHash="5" Path="" STType="HMI.SizeType" UIDType="Inner" />
          <Parent TaskNumber="0" ItemID="63713" RawItemID="0" TypeHash="0" Path="" STType="" UIDType="Inner">
            <Owner TaskNumber="0" ItemID="63713" RawItemID="0" TypeHash="0" STType="" UIDType="Inner" />
          </Parent>
          <IsValueFromTheme>false</IsValueFromTheme>
          <HasSubTypeName>true</HasSubTypeName>
          <Exclude>false</Exclude>
          <IsDynamized>false</IsDynamized>
          <ContiniuosUpdate>false</ContiniuosUpdate>
        </Parameter>
        <Parameter Name="WidthType" ShortName="WidthType" Tag="0" Role="WidthType" Value="1">
          <ID TaskNumber="0" ItemID="4294967236" RawItemID="0" TypeHash="5" Path="" STType="HMI.SizeType" UIDType="Inner" />
          <Parent TaskNumber="0" ItemID="63713" RawItemID="0" TypeHash="0" Path="" STType="" UIDType="Inner">
            <Owner TaskNumber="0" ItemID="63713" RawItemID="0" TypeHash="0" STType="" UIDType="Inner" />
          </Parent>
          <IsValueFromTheme>false</IsValueFromTheme>
          <HasSubTypeName>true</HasSubTypeName>
          <Exclude>false</Exclude>
          <IsDynamized>false</IsDynamized>
          <ContiniuosUpdate>false</ContiniuosUpdate>
        </Parameter>
        <Parameter Name="HeightType" ShortName="HeightType" Tag="0" Role="HeightType" Value="1">
          <ID TaskNumber="0" ItemID="4294967233" RawItemID="0" TypeHash="5" Path="" STType="HMI.SizeType" UIDType="Inner" />
          <Parent TaskNumber="0" ItemID="63713" RawItemID="0" TypeHash="0" Path="" STType="" UIDType="Inner">
            <Owner TaskNumber="0" ItemID="63713" RawItemID="0" TypeHash="0" STType="" UIDType="Inner" />
          </Parent>
          <IsValueFromTheme>false</IsValueFromTheme>
          <HasSubTypeName>true</HasSubTypeName>
          <Exclude>false</Exclude>
          <IsDynamized>false</IsDynamized>
          <ContiniuosUpdate>false</ContiniuosUpdate>
        </Parameter>
      </Parameters>
      <ObjectId>0</ObjectId>
      <ServerTaskId>-1</ServerTaskId>
      <ServerTaskItemId>0</ServerTaskItemId>
      <InObjectInstance>false</InObjectInstance>
      <HasConnections>false</HasConnections>
    </Element>
  </Elements>
  <ObjectId>0</ObjectId>
  <ServerTaskId>-1</ServerTaskId>
  <ServerTaskItemId>0</ServerTaskItemId>
  <InObjectInstance>false</InObjectInstance>
  <Role>Window</Role>
  <HasConnections>false</HasConnections>
</Element>