<?xml version="1.0" encoding="utf-8"?>
<Element xmlns:xsi="http://www.w3.org/2001/XMLSchema-instance" xmlns:xsd="http://www.w3.org/2001/XMLSchema" Name="63568" ShortName="Уровень тренд" Tag="63568" TreeObject="Тренды">
  <ID TaskNumber="0" ItemID="63568" RawItemID="0" TypeHash="0" Path="" STType="" UIDType="Inner">
    <Owner TaskNumber="0" ItemID="63568" RawItemID="0" TypeHash="0" STType="" UIDType="Inner" />
  </ID>
  <UsedSTTypes>
    <string>HMI.ResourceType</string>
    <string>DINT</string>
    <string>LREAL</string>
    <string>HMI.SolidColorType</string>
    <string>HMI.GradientColorType</string>
    <string>HMI.BorderStyleType</string>
    <string>STRING</string>
    <string>BOOL</string>
    <string>HMI.TileType</string>
    <string>HMI.HorizontalAlignType</string>
    <string>HMI.VerticalAlignType</string>
    <string>HMI.MouseCursorKinds</string>
    <string>HMI.SizeType</string>
    <string>HMI.ProportionType</string>
    <string>HMI.TrendPens</string>
    <string>HMI.TrendPen</string>
    <string>REF_TO</string>
    <string>INT</string>
    <string>HMI.LineJoin</string>
    <string>HMI.PenPointType</string>
  </UsedSTTypes>
  <Parameters>
    <Parameter Name="Образ" ShortName="63597" Tag="63597" Role="SkinResource" Value="">
      <ID TaskNumber="0" ItemID="63597" RawItemID="0" TypeHash="4" Path="" STType="HMI.ResourceType" UIDType="Inner">
        <Owner TaskNumber="0" ItemID="63568" RawItemID="0" TypeHash="0" Path="" STType="" UIDType="Inner">
          <Owner TaskNumber="0" ItemID="63568" RawItemID="0" TypeHash="0" STType="" UIDType="Inner" />
        </Owner>
      </ID>
      <Parent TaskNumber="0" ItemID="63568" RawItemID="0" TypeHash="0" Path="" STType="" UIDType="Inner">
        <Owner TaskNumber="0" ItemID="63568" RawItemID="0" TypeHash="0" STType="" UIDType="Inner" />
      </Parent>
      <IsValueFromTheme>false</IsValueFromTheme>
      <HasSubTypeName>true</HasSubTypeName>
      <Exclude>false</Exclude>
      <Connections />
      <IsDynamized>false</IsDynamized>
      <ContiniuosUpdate>false</ContiniuosUpdate>
    </Parameter>
    <Parameter Name="Порядок Z" ShortName="63573" Tag="63573" Role="Z" Value="0">
      <ID TaskNumber="0" ItemID="63573" RawItemID="0" TypeHash="6" Path="" STType="DINT" UIDType="Inner">
        <Owner TaskNumber="0" ItemID="63568" RawItemID="0" TypeHash="0" Path="" STType="" UIDType="Inner">
          <Owner TaskNumber="0" ItemID="63568" RawItemID="0" TypeHash="0" STType="" UIDType="Inner" />
        </Owner>
      </ID>
      <Parent TaskNumber="0" ItemID="63568" RawItemID="0" TypeHash="0" Path="" STType="" UIDType="Inner">
        <Owner TaskNumber="0" ItemID="63568" RawItemID="0" TypeHash="0" STType="" UIDType="Inner" />
      </Parent>
      <IsValueFromTheme>false</IsValueFromTheme>
      <HasSubTypeName>true</HasSubTypeName>
      <Exclude>false</Exclude>
      <Connections />
      <IsDynamized>false</IsDynamized>
      <ContiniuosUpdate>false</ContiniuosUpdate>
    </Parameter>
    <Parameter Name="Ширина" ShortName="63571" Tag="63571" Role="Width" Value="1920">
      <ID TaskNumber="0" ItemID="63571" RawItemID="0" TypeHash="1" Path="" STType="LREAL" UIDType="Inner">
        <Owner TaskNumber="0" ItemID="63568" RawItemID="0" TypeHash="0" Path="" STType="" UIDType="Inner">
          <Owner TaskNumber="0" ItemID="63568" RawItemID="0" TypeHash="0" STType="" UIDType="Inner" />
        </Owner>
      </ID>
      <Parent TaskNumber="0" ItemID="63568" RawItemID="0" TypeHash="0" Path="" STType="" UIDType="Inner">
        <Owner TaskNumber="0" ItemID="63568" RawItemID="0" TypeHash="0" STType="" UIDType="Inner" />
      </Parent>
      <IsValueFromTheme>false</IsValueFromTheme>
      <HasSubTypeName>true</HasSubTypeName>
      <Exclude>false</Exclude>
      <Connections />
      <IsDynamized>false</IsDynamized>
      <ContiniuosUpdate>false</ContiniuosUpdate>
    </Parameter>
    <Parameter Name="Высота" ShortName="63572" Tag="63572" Role="Height" Value="1080">
      <ID TaskNumber="0" ItemID="63572" RawItemID="0" TypeHash="1" Path="" STType="LREAL" UIDType="Inner">
        <Owner TaskNumber="0" ItemID="63568" RawItemID="0" TypeHash="0" Path="" STType="" UIDType="Inner">
          <Owner TaskNumber="0" ItemID="63568" RawItemID="0" TypeHash="0" STType="" UIDType="Inner" />
        </Owner>
      </ID>
      <Parent TaskNumber="0" ItemID="63568" RawItemID="0" TypeHash="0" Path="" STType="" UIDType="Inner">
        <Owner TaskNumber="0" ItemID="63568" RawItemID="0" TypeHash="0" STType="" UIDType="Inner" />
      </Parent>
      <IsValueFromTheme>false</IsValueFromTheme>
      <HasSubTypeName>true</HasSubTypeName>
      <Exclude>false</Exclude>
      <Connections />
      <IsDynamized>false</IsDynamized>
      <ContiniuosUpdate>false</ContiniuosUpdate>
    </Parameter>
    <Parameter Name="Угол поворота" ShortName="63577" Tag="63577" Role="Angle" Value="0">
      <ID TaskNumber="0" ItemID="63577" RawItemID="0" TypeHash="1" Path="" STType="LREAL" UIDType="Inner">
        <Owner TaskNumber="0" ItemID="63568" RawItemID="0" TypeHash="0" Path="" STType="" UIDType="Inner">
          <Owner TaskNumber="0" ItemID="63568" RawItemID="0" TypeHash="0" STType="" UIDType="Inner" />
        </Owner>
      </ID>
      <Parent TaskNumber="0" ItemID="63568" RawItemID="0" TypeHash="0" Path="" STType="" UIDType="Inner">
        <Owner TaskNumber="0" ItemID="63568" RawItemID="0" TypeHash="0" STType="" UIDType="Inner" />
      </Parent>
      <IsValueFromTheme>false</IsValueFromTheme>
      <HasSubTypeName>true</HasSubTypeName>
      <Exclude>false</Exclude>
      <Connections />
      <IsDynamized>false</IsDynamized>
      <ContiniuosUpdate>false</ContiniuosUpdate>
    </Parameter>
    <Parameter Name="Масштаб X" ShortName="63578" Tag="63578" Role="ScaleX" Value="1">
      <ID TaskNumber="0" ItemID="63578" RawItemID="0" TypeHash="1" Path="" STType="LREAL" UIDType="Inner">
        <Owner TaskNumber="0" ItemID="63568" RawItemID="0" TypeHash="0" Path="" STType="" UIDType="Inner">
          <Owner TaskNumber="0" ItemID="63568" RawItemID="0" TypeHash="0" STType="" UIDType="Inner" />
        </Owner>
      </ID>
      <Parent TaskNumber="0" ItemID="63568" RawItemID="0" TypeHash="0" Path="" STType="" UIDType="Inner">
        <Owner TaskNumber="0" ItemID="63568" RawItemID="0" TypeHash="0" STType="" UIDType="Inner" />
      </Parent>
      <IsValueFromTheme>false</IsValueFromTheme>
      <HasSubTypeName>true</HasSubTypeName>
      <Exclude>false</Exclude>
      <Connections />
      <IsDynamized>false</IsDynamized>
      <ContiniuosUpdate>false</ContiniuosUpdate>
    </Parameter>
    <Parameter Name="Масштаб Y" ShortName="63579" Tag="63579" Role="ScaleY" Value="1">
      <ID TaskNumber="0" ItemID="63579" RawItemID="0" TypeHash="1" Path="" STType="LREAL" UIDType="Inner">
        <Owner TaskNumber="0" ItemID="63568" RawItemID="0" TypeHash="0" Path="" STType="" UIDType="Inner">
          <Owner TaskNumber="0" ItemID="63568" RawItemID="0" TypeHash="0" STType="" UIDType="Inner" />
        </Owner>
      </ID>
      <Parent TaskNumber="0" ItemID="63568" RawItemID="0" TypeHash="0" Path="" STType="" UIDType="Inner">
        <Owner TaskNumber="0" ItemID="63568" RawItemID="0" TypeHash="0" STType="" UIDType="Inner" />
      </Parent>
      <IsValueFromTheme>false</IsValueFromTheme>
      <HasSubTypeName>true</HasSubTypeName>
      <Exclude>false</Exclude>
      <Connections />
      <IsDynamized>false</IsDynamized>
      <ContiniuosUpdate>false</ContiniuosUpdate>
    </Parameter>
    <Parameter Name="Толщина рамки" ShortName="63580" Tag="63580" Role="BorderThickness" Value="1">
      <ID TaskNumber="0" ItemID="63580" RawItemID="0" TypeHash="1" Path="" STType="LREAL" UIDType="Inner">
        <Owner TaskNumber="0" ItemID="63568" RawItemID="0" TypeHash="0" Path="" STType="" UIDType="Inner">
          <Owner TaskNumber="0" ItemID="63568" RawItemID="0" TypeHash="0" STType="" UIDType="Inner" />
        </Owner>
      </ID>
      <Parent TaskNumber="0" ItemID="63568" RawItemID="0" TypeHash="0" Path="" STType="" UIDType="Inner">
        <Owner TaskNumber="0" ItemID="63568" RawItemID="0" TypeHash="0" STType="" UIDType="Inner" />
      </Parent>
      <IsValueFromTheme>false</IsValueFromTheme>
      <HasSubTypeName>true</HasSubTypeName>
      <Exclude>false</Exclude>
      <Connections />
      <IsDynamized>false</IsDynamized>
      <ContiniuosUpdate>false</ContiniuosUpdate>
    </Parameter>
    <Parameter Name="Цвет рамки" ShortName="63581" Tag="63581" Role="BorderColor" Value="rgb(128,128,128)">
      <ID TaskNumber="0" ItemID="63581" RawItemID="0" TypeHash="4" Path="" STType="HMI.SolidColorType" UIDType="Inner">
        <Owner TaskNumber="0" ItemID="63568" RawItemID="0" TypeHash="0" Path="" STType="" UIDType="Inner">
          <Owner TaskNumber="0" ItemID="63568" RawItemID="0" TypeHash="0" STType="" UIDType="Inner" />
        </Owner>
      </ID>
      <Parent TaskNumber="0" ItemID="63568" RawItemID="0" TypeHash="0" Path="" STType="" UIDType="Inner">
        <Owner TaskNumber="0" ItemID="63568" RawItemID="0" TypeHash="0" STType="" UIDType="Inner" />
      </Parent>
      <IsValueFromTheme>false</IsValueFromTheme>
      <HasSubTypeName>true</HasSubTypeName>
      <Exclude>false</Exclude>
      <Connections />
      <IsDynamized>false</IsDynamized>
      <ContiniuosUpdate>false</ContiniuosUpdate>
    </Parameter>
    <Parameter Name="Заливка фона" ShortName="63582" Tag="63582" Role="BackgroundColor" Value="rgb(245,240,245)">
      <ID TaskNumber="0" ItemID="63582" RawItemID="0" TypeHash="4" Path="" STType="HMI.GradientColorType" UIDType="Inner">
        <Owner TaskNumber="0" ItemID="63568" RawItemID="0" TypeHash="0" Path="" STType="" UIDType="Inner">
          <Owner TaskNumber="0" ItemID="63568" RawItemID="0" TypeHash="0" STType="" UIDType="Inner" />
        </Owner>
      </ID>
      <Parent TaskNumber="0" ItemID="63568" RawItemID="0" TypeHash="0" Path="" STType="" UIDType="Inner">
        <Owner TaskNumber="0" ItemID="63568" RawItemID="0" TypeHash="0" STType="" UIDType="Inner" />
      </Parent>
      <IsValueFromTheme>false</IsValueFromTheme>
      <HasSubTypeName>true</HasSubTypeName>
      <Exclude>false</Exclude>
      <Connections />
      <IsDynamized>false</IsDynamized>
      <ContiniuosUpdate>false</ContiniuosUpdate>
    </Parameter>
    <Parameter Name="Прозрачность" ShortName="63583" Tag="63583" Role="Opacity" Value="100">
      <ID TaskNumber="0" ItemID="63583" RawItemID="0" TypeHash="1" Path="" STType="LREAL" UIDType="Inner">
        <Owner TaskNumber="0" ItemID="63568" RawItemID="0" TypeHash="0" Path="" STType="" UIDType="Inner">
          <Owner TaskNumber="0" ItemID="63568" RawItemID="0" TypeHash="0" STType="" UIDType="Inner" />
        </Owner>
      </ID>
      <Parent TaskNumber="0" ItemID="63568" RawItemID="0" TypeHash="0" Path="" STType="" UIDType="Inner">
        <Owner TaskNumber="0" ItemID="63568" RawItemID="0" TypeHash="0" STType="" UIDType="Inner" />
      </Parent>
      <IsValueFromTheme>false</IsValueFromTheme>
      <HasSubTypeName>true</HasSubTypeName>
      <Exclude>false</Exclude>
      <Connections />
      <IsDynamized>false</IsDynamized>
      <ContiniuosUpdate>false</ContiniuosUpdate>
    </Parameter>
    <Parameter Name="Стиль рамки" ShortName="63584" Tag="63584" Role="BorderStyle" Value="0">
      <ID TaskNumber="0" ItemID="63584" RawItemID="0" TypeHash="5" Path="" STType="HMI.BorderStyleType" UIDType="Inner">
        <Owner TaskNumber="0" ItemID="63568" RawItemID="0" TypeHash="0" Path="" STType="" UIDType="Inner">
          <Owner TaskNumber="0" ItemID="63568" RawItemID="0" TypeHash="0" STType="" UIDType="Inner" />
        </Owner>
      </ID>
      <Parent TaskNumber="0" ItemID="63568" RawItemID="0" TypeHash="0" Path="" STType="" UIDType="Inner">
        <Owner TaskNumber="0" ItemID="63568" RawItemID="0" TypeHash="0" STType="" UIDType="Inner" />
      </Parent>
      <IsValueFromTheme>false</IsValueFromTheme>
      <HasSubTypeName>true</HasSubTypeName>
      <Exclude>false</Exclude>
      <Connections />
      <IsDynamized>false</IsDynamized>
      <ContiniuosUpdate>false</ContiniuosUpdate>
    </Parameter>
    <Parameter Name="Всплывающая подсказка" ShortName="63585" Tag="63585" Role="ToolTip" Value="">
      <ID TaskNumber="0" ItemID="63585" RawItemID="0" TypeHash="4" Path="" STType="STRING" UIDType="Inner">
        <Owner TaskNumber="0" ItemID="63568" RawItemID="0" TypeHash="0" Path="" STType="" UIDType="Inner">
          <Owner TaskNumber="0" ItemID="63568" RawItemID="0" TypeHash="0" STType="" UIDType="Inner" />
        </Owner>
      </ID>
      <Parent TaskNumber="0" ItemID="63568" RawItemID="0" TypeHash="0" Path="" STType="" UIDType="Inner">
        <Owner TaskNumber="0" ItemID="63568" RawItemID="0" TypeHash="0" STType="" UIDType="Inner" />
      </Parent>
      <IsValueFromTheme>false</IsValueFromTheme>
      <HasSubTypeName>true</HasSubTypeName>
      <Exclude>false</Exclude>
      <Connections />
      <IsDynamized>false</IsDynamized>
      <ContiniuosUpdate>false</ContiniuosUpdate>
    </Parameter>
    <Parameter Name="Мигание" ShortName="63586" Tag="63586" Role="Flash" Value="False">
      <ID TaskNumber="0" ItemID="63586" RawItemID="0" TypeHash="3" Path="" STType="BOOL" UIDType="Inner">
        <Owner TaskNumber="0" ItemID="63568" RawItemID="0" TypeHash="0" Path="" STType="" UIDType="Inner">
          <Owner TaskNumber="0" ItemID="63568" RawItemID="0" TypeHash="0" STType="" UIDType="Inner" />
        </Owner>
      </ID>
      <Parent TaskNumber="0" ItemID="63568" RawItemID="0" TypeHash="0" Path="" STType="" UIDType="Inner">
        <Owner TaskNumber="0" ItemID="63568" RawItemID="0" TypeHash="0" STType="" UIDType="Inner" />
      </Parent>
      <IsValueFromTheme>false</IsValueFromTheme>
      <HasSubTypeName>true</HasSubTypeName>
      <Exclude>false</Exclude>
      <Connections />
      <IsDynamized>false</IsDynamized>
      <ContiniuosUpdate>false</ContiniuosUpdate>
    </Parameter>
    <Parameter Name="Размер тени" ShortName="63587" Tag="63587" Role="ShadowSize" Value="0">
      <ID TaskNumber="0" ItemID="63587" RawItemID="0" TypeHash="6" Path="" STType="DINT" UIDType="Inner">
        <Owner TaskNumber="0" ItemID="63568" RawItemID="0" TypeHash="0" Path="" STType="" UIDType="Inner">
          <Owner TaskNumber="0" ItemID="63568" RawItemID="0" TypeHash="0" STType="" UIDType="Inner" />
        </Owner>
      </ID>
      <Parent TaskNumber="0" ItemID="63568" RawItemID="0" TypeHash="0" Path="" STType="" UIDType="Inner">
        <Owner TaskNumber="0" ItemID="63568" RawItemID="0" TypeHash="0" STType="" UIDType="Inner" />
      </Parent>
      <IsValueFromTheme>false</IsValueFromTheme>
      <HasSubTypeName>true</HasSubTypeName>
      <Exclude>false</Exclude>
      <Connections />
      <IsDynamized>false</IsDynamized>
      <ContiniuosUpdate>false</ContiniuosUpdate>
    </Parameter>
    <Parameter Name="Цвет тени" ShortName="63588" Tag="63588" Role="ShadowColor" Value="rgb(240,240,240)">
      <ID TaskNumber="0" ItemID="63588" RawItemID="0" TypeHash="4" Path="" STType="HMI.SolidColorType" UIDType="Inner">
        <Owner TaskNumber="0" ItemID="63568" RawItemID="0" TypeHash="0" Path="" STType="" UIDType="Inner">
          <Owner TaskNumber="0" ItemID="63568" RawItemID="0" TypeHash="0" STType="" UIDType="Inner" />
        </Owner>
      </ID>
      <Parent TaskNumber="0" ItemID="63568" RawItemID="0" TypeHash="0" Path="" STType="" UIDType="Inner">
        <Owner TaskNumber="0" ItemID="63568" RawItemID="0" TypeHash="0" STType="" UIDType="Inner" />
      </Parent>
      <IsValueFromTheme>false</IsValueFromTheme>
      <HasSubTypeName>true</HasSubTypeName>
      <Exclude>false</Exclude>
      <Connections />
      <IsDynamized>false</IsDynamized>
      <ContiniuosUpdate>false</ContiniuosUpdate>
    </Parameter>
    <Parameter Name="Изображение фона" ShortName="63589" Tag="63589" Role="Resource" Value="">
      <ID TaskNumber="0" ItemID="63589" RawItemID="0" TypeHash="4" Path="" STType="HMI.ResourceType" UIDType="Inner">
        <Owner TaskNumber="0" ItemID="63568" RawItemID="0" TypeHash="0" Path="" STType="" UIDType="Inner">
          <Owner TaskNumber="0" ItemID="63568" RawItemID="0" TypeHash="0" STType="" UIDType="Inner" />
        </Owner>
      </ID>
      <Parent TaskNumber="0" ItemID="63568" RawItemID="0" TypeHash="0" Path="" STType="" UIDType="Inner">
        <Owner TaskNumber="0" ItemID="63568" RawItemID="0" TypeHash="0" STType="" UIDType="Inner" />
      </Parent>
      <IsValueFromTheme>false</IsValueFromTheme>
      <HasSubTypeName>true</HasSubTypeName>
      <Exclude>false</Exclude>
      <Connections />
      <IsDynamized>false</IsDynamized>
      <ContiniuosUpdate>false</ContiniuosUpdate>
    </Parameter>
    <Parameter Name="Замостка фона" ShortName="63590" Tag="63590" Role="BackgroundTile" Value="2">
      <ID TaskNumber="0" ItemID="63590" RawItemID="0" TypeHash="5" Path="" STType="HMI.TileType" UIDType="Inner">
        <Owner TaskNumber="0" ItemID="63568" RawItemID="0" TypeHash="0" Path="" STType="" UIDType="Inner">
          <Owner TaskNumber="0" ItemID="63568" RawItemID="0" TypeHash="0" STType="" UIDType="Inner" />
        </Owner>
      </ID>
      <Parent TaskNumber="0" ItemID="63568" RawItemID="0" TypeHash="0" Path="" STType="" UIDType="Inner">
        <Owner TaskNumber="0" ItemID="63568" RawItemID="0" TypeHash="0" STType="" UIDType="Inner" />
      </Parent>
      <IsValueFromTheme>false</IsValueFromTheme>
      <HasSubTypeName>true</HasSubTypeName>
      <Exclude>false</Exclude>
      <Connections />
      <IsDynamized>false</IsDynamized>
      <ContiniuosUpdate>false</ContiniuosUpdate>
    </Parameter>
    <Parameter Name="Видимость" ShortName="63593" Tag="63593" Role="IsVisible" Value="True">
      <ID TaskNumber="0" ItemID="63593" RawItemID="0" TypeHash="3" Path="" STType="BOOL" UIDType="Inner">
        <Owner TaskNumber="0" ItemID="63568" RawItemID="0" TypeHash="0" Path="" STType="" UIDType="Inner">
          <Owner TaskNumber="0" ItemID="63568" RawItemID="0" TypeHash="0" STType="" UIDType="Inner" />
        </Owner>
      </ID>
      <Parent TaskNumber="0" ItemID="63568" RawItemID="0" TypeHash="0" Path="" STType="" UIDType="Inner">
        <Owner TaskNumber="0" ItemID="63568" RawItemID="0" TypeHash="0" STType="" UIDType="Inner" />
      </Parent>
      <IsValueFromTheme>false</IsValueFromTheme>
      <HasSubTypeName>true</HasSubTypeName>
      <Exclude>false</Exclude>
      <Connections />
      <IsDynamized>false</IsDynamized>
      <ContiniuosUpdate>false</ContiniuosUpdate>
    </Parameter>
    <Parameter Name="Скрывать при отсутствии прав на управление" ShortName="63594" Tag="63594" Role="HideIfDenyControl" Value="False">
      <ID TaskNumber="0" ItemID="63594" RawItemID="0" TypeHash="3" Path="" STType="BOOL" UIDType="Inner">
        <Owner TaskNumber="0" ItemID="63568" RawItemID="0" TypeHash="0" Path="" STType="" UIDType="Inner">
          <Owner TaskNumber="0" ItemID="63568" RawItemID="0" TypeHash="0" STType="" UIDType="Inner" />
        </Owner>
      </ID>
      <Parent TaskNumber="0" ItemID="63568" RawItemID="0" TypeHash="0" Path="" STType="" UIDType="Inner">
        <Owner TaskNumber="0" ItemID="63568" RawItemID="0" TypeHash="0" STType="" UIDType="Inner" />
      </Parent>
      <IsValueFromTheme>false</IsValueFromTheme>
      <HasSubTypeName>true</HasSubTypeName>
      <Exclude>false</Exclude>
      <Connections />
      <IsDynamized>false</IsDynamized>
      <ContiniuosUpdate>false</ContiniuosUpdate>
    </Parameter>
    <Parameter Name="Активность" ShortName="63595" Tag="63595" Role="IsEnabled" Value="True">
      <ID TaskNumber="0" ItemID="63595" RawItemID="0" TypeHash="3" Path="" STType="BOOL" UIDType="Inner">
        <Owner TaskNumber="0" ItemID="63568" RawItemID="0" TypeHash="0" Path="" STType="" UIDType="Inner">
          <Owner TaskNumber="0" ItemID="63568" RawItemID="0" TypeHash="0" STType="" UIDType="Inner" />
        </Owner>
      </ID>
      <Parent TaskNumber="0" ItemID="63568" RawItemID="0" TypeHash="0" Path="" STType="" UIDType="Inner">
        <Owner TaskNumber="0" ItemID="63568" RawItemID="0" TypeHash="0" STType="" UIDType="Inner" />
      </Parent>
      <IsValueFromTheme>false</IsValueFromTheme>
      <HasSubTypeName>true</HasSubTypeName>
      <Exclude>false</Exclude>
      <Connections />
      <IsDynamized>false</IsDynamized>
      <ContiniuosUpdate>false</ContiniuosUpdate>
    </Parameter>
    <Parameter Name="Клавиатурный индекс" ShortName="63596" Tag="63596" Role="TabIndex" Value="0">
      <ID TaskNumber="0" ItemID="63596" RawItemID="0" TypeHash="6" Path="" STType="DINT" UIDType="Inner">
        <Owner TaskNumber="0" ItemID="63568" RawItemID="0" TypeHash="0" Path="" STType="" UIDType="Inner">
          <Owner TaskNumber="0" ItemID="63568" RawItemID="0" TypeHash="0" STType="" UIDType="Inner" />
        </Owner>
      </ID>
      <Parent TaskNumber="0" ItemID="63568" RawItemID="0" TypeHash="0" Path="" STType="" UIDType="Inner">
        <Owner TaskNumber="0" ItemID="63568" RawItemID="0" TypeHash="0" STType="" UIDType="Inner" />
      </Parent>
      <IsValueFromTheme>false</IsValueFromTheme>
      <HasSubTypeName>true</HasSubTypeName>
      <Exclude>false</Exclude>
      <Connections />
      <IsDynamized>false</IsDynamized>
      <ContiniuosUpdate>false</ContiniuosUpdate>
    </Parameter>
    <Parameter Name="Координата X" ShortName="63591" Tag="63591" Role="X" Value="0">
      <ID TaskNumber="0" ItemID="63591" RawItemID="0" TypeHash="1" Path="" STType="LREAL" UIDType="Inner">
        <Owner TaskNumber="0" ItemID="63568" RawItemID="0" TypeHash="0" Path="" STType="" UIDType="Inner">
          <Owner TaskNumber="0" ItemID="63568" RawItemID="0" TypeHash="0" STType="" UIDType="Inner" />
        </Owner>
      </ID>
      <Parent TaskNumber="0" ItemID="63568" RawItemID="0" TypeHash="0" Path="" STType="" UIDType="Inner">
        <Owner TaskNumber="0" ItemID="63568" RawItemID="0" TypeHash="0" STType="" UIDType="Inner" />
      </Parent>
      <IsValueFromTheme>false</IsValueFromTheme>
      <HasSubTypeName>true</HasSubTypeName>
      <Exclude>false</Exclude>
      <Connections />
      <IsDynamized>false</IsDynamized>
      <ContiniuosUpdate>false</ContiniuosUpdate>
    </Parameter>
    <Parameter Name="Координата Y" ShortName="63592" Tag="63592" Role="Y" Value="0">
      <ID TaskNumber="0" ItemID="63592" RawItemID="0" TypeHash="1" Path="" STType="LREAL" UIDType="Inner">
        <Owner TaskNumber="0" ItemID="63568" RawItemID="0" TypeHash="0" Path="" STType="" UIDType="Inner">
          <Owner TaskNumber="0" ItemID="63568" RawItemID="0" TypeHash="0" STType="" UIDType="Inner" />
        </Owner>
      </ID>
      <Parent TaskNumber="0" ItemID="63568" RawItemID="0" TypeHash="0" Path="" STType="" UIDType="Inner">
        <Owner TaskNumber="0" ItemID="63568" RawItemID="0" TypeHash="0" STType="" UIDType="Inner" />
      </Parent>
      <IsValueFromTheme>false</IsValueFromTheme>
      <HasSubTypeName>true</HasSubTypeName>
      <Exclude>false</Exclude>
      <Connections />
      <IsDynamized>false</IsDynamized>
      <ContiniuosUpdate>false</ContiniuosUpdate>
    </Parameter>
    <Parameter Name="Горизонтальное выравнивание" ShortName="63574" Tag="63574" Role="HorizontalAlign" Value="1">
      <ID TaskNumber="0" ItemID="63574" RawItemID="0" TypeHash="5" Path="" STType="HMI.HorizontalAlignType" UIDType="Inner">
        <Owner TaskNumber="0" ItemID="63568" RawItemID="0" TypeHash="0" Path="" STType="" UIDType="Inner">
          <Owner TaskNumber="0" ItemID="63568" RawItemID="0" TypeHash="0" STType="" UIDType="Inner" />
        </Owner>
      </ID>
      <Parent TaskNumber="0" ItemID="63568" RawItemID="0" TypeHash="0" Path="" STType="" UIDType="Inner">
        <Owner TaskNumber="0" ItemID="63568" RawItemID="0" TypeHash="0" STType="" UIDType="Inner" />
      </Parent>
      <IsValueFromTheme>false</IsValueFromTheme>
      <HasSubTypeName>true</HasSubTypeName>
      <Exclude>false</Exclude>
      <Connections />
      <IsDynamized>false</IsDynamized>
      <ContiniuosUpdate>false</ContiniuosUpdate>
    </Parameter>
    <Parameter Name="Вертикальное выравнивание" ShortName="63575" Tag="63575" Role="VerticalAlign" Value="1">
      <ID TaskNumber="0" ItemID="63575" RawItemID="0" TypeHash="5" Path="" STType="HMI.VerticalAlignType" UIDType="Inner">
        <Owner TaskNumber="0" ItemID="63568" RawItemID="0" TypeHash="0" Path="" STType="" UIDType="Inner">
          <Owner TaskNumber="0" ItemID="63568" RawItemID="0" TypeHash="0" STType="" UIDType="Inner" />
        </Owner>
      </ID>
      <Parent TaskNumber="0" ItemID="63568" RawItemID="0" TypeHash="0" Path="" STType="" UIDType="Inner">
        <Owner TaskNumber="0" ItemID="63568" RawItemID="0" TypeHash="0" STType="" UIDType="Inner" />
      </Parent>
      <IsValueFromTheme>false</IsValueFromTheme>
      <HasSubTypeName>true</HasSubTypeName>
      <Exclude>false</Exclude>
      <Connections />
      <IsDynamized>false</IsDynamized>
      <ContiniuosUpdate>false</ContiniuosUpdate>
    </Parameter>
    <Parameter Name="Вид курсора" ShortName="63576" Tag="63576" Role="MouseCursorKind" Value="0">
      <ID TaskNumber="0" ItemID="63576" RawItemID="0" TypeHash="5" Path="" STType="HMI.MouseCursorKinds" UIDType="Inner">
        <Owner TaskNumber="0" ItemID="63568" RawItemID="0" TypeHash="0" Path="" STType="" UIDType="Inner">
          <Owner TaskNumber="0" ItemID="63568" RawItemID="0" TypeHash="0" STType="" UIDType="Inner" />
        </Owner>
      </ID>
      <Parent TaskNumber="0" ItemID="63568" RawItemID="0" TypeHash="0" Path="" STType="" UIDType="Inner">
        <Owner TaskNumber="0" ItemID="63568" RawItemID="0" TypeHash="0" STType="" UIDType="Inner" />
      </Parent>
      <IsValueFromTheme>false</IsValueFromTheme>
      <HasSubTypeName>true</HasSubTypeName>
      <Exclude>false</Exclude>
      <Connections />
      <IsDynamized>false</IsDynamized>
      <ContiniuosUpdate>false</ContiniuosUpdate>
    </Parameter>
    <Parameter Name="XType" ShortName="XType" Tag="0" Role="XType" Value="1">
      <ID TaskNumber="0" ItemID="4294967270" RawItemID="0" TypeHash="5" Path="" STType="HMI.SizeType" UIDType="Inner" />
      <IsValueFromTheme>false</IsValueFromTheme>
      <HasSubTypeName>true</HasSubTypeName>
      <Exclude>false</Exclude>
      <IsDynamized>false</IsDynamized>
      <ContiniuosUpdate>false</ContiniuosUpdate>
    </Parameter>
    <Parameter Name="YType" ShortName="YType" Tag="0" Role="YType" Value="1">
      <ID TaskNumber="0" ItemID="4294967269" RawItemID="0" TypeHash="5" Path="" STType="HMI.SizeType" UIDType="Inner" />
      <IsValueFromTheme>false</IsValueFromTheme>
      <HasSubTypeName>true</HasSubTypeName>
      <Exclude>false</Exclude>
      <IsDynamized>false</IsDynamized>
      <ContiniuosUpdate>false</ContiniuosUpdate>
    </Parameter>
    <Parameter Name="ProportionType" ShortName="ProportionType" Tag="0" Role="ProportionType" Value="4">
      <ID TaskNumber="0" ItemID="4294967268" RawItemID="0" TypeHash="5" Path="" STType="HMI.ProportionType" UIDType="Inner" />
      <IsValueFromTheme>false</IsValueFromTheme>
      <HasSubTypeName>true</HasSubTypeName>
      <Exclude>false</Exclude>
      <IsDynamized>false</IsDynamized>
      <ContiniuosUpdate>false</ContiniuosUpdate>
    </Parameter>
    <Parameter Name="WidthType" ShortName="WidthType" Tag="0" Role="WidthType" Value="1">
      <ID TaskNumber="0" ItemID="4294967267" RawItemID="0" TypeHash="5" Path="" STType="HMI.SizeType" UIDType="Inner" />
      <IsValueFromTheme>false</IsValueFromTheme>
      <HasSubTypeName>true</HasSubTypeName>
      <Exclude>false</Exclude>
      <IsDynamized>false</IsDynamized>
      <ContiniuosUpdate>false</ContiniuosUpdate>
    </Parameter>
    <Parameter Name="HeightType" ShortName="HeightType" Tag="0" Role="HeightType" Value="1">
      <ID TaskNumber="0" ItemID="4294967266" RawItemID="0" TypeHash="5" Path="" STType="HMI.SizeType" UIDType="Inner" />
      <IsValueFromTheme>false</IsValueFromTheme>
      <HasSubTypeName>true</HasSubTypeName>
      <Exclude>false</Exclude>
      <IsDynamized>false</IsDynamized>
      <ContiniuosUpdate>false</ContiniuosUpdate>
    </Parameter>
  </Parameters>
  <Elements>
    <Element Name="63677" ShortName="Тренд 1" Tag="63677" TreeObject="Тренды">
      <ID TaskNumber="0" ItemID="63677" RawItemID="0" TypeHash="0" Path="" STType="" UIDType="Inner">
        <Owner TaskNumber="0" ItemID="63677" RawItemID="0" TypeHash="0" STType="" UIDType="Inner" />
      </ID>
      <Parent TaskNumber="0" ItemID="63568" RawItemID="0" TypeHash="0" Path="" STType="" UIDType="Inner">
        <Owner TaskNumber="0" ItemID="63568" RawItemID="0" TypeHash="0" STType="" UIDType="Inner" />
      </Parent>
      <UsedSTTypes>
        <string>HMI.ResourceType</string>
        <string>DINT</string>
        <string>LREAL</string>
        <string>HMI.TrendPens</string>
        <string>HMI.TrendPen</string>
        <string>STRING</string>
        <string>HMI.SolidColorType</string>
        <string>HMI.BorderStyleType</string>
        <string>REF_TO</string>
        <string>INT</string>
        <string>BOOL</string>
        <string>HMI.LineJoin</string>
        <string>HMI.PenPointType</string>
        <string>HMI.SizeType</string>
      </UsedSTTypes>
      <TypeID TaskNumber="0" ItemID="6818" RawItemID="0" TypeHash="0" Path="" STType="" UIDType="Inner">
        <Owner TaskNumber="0" ItemID="6818" RawItemID="0" TypeHash="0" STType="" UIDType="Inner" />
      </TypeID>
      <Parameters>
        <Parameter Name="Образ" ShortName="63686" Tag="63686" Role="SkinResource" Value="">
          <ID TaskNumber="0" ItemID="63686" RawItemID="0" TypeHash="4" Path="" STType="HMI.ResourceType" UIDType="Inner">
            <Owner TaskNumber="0" ItemID="63677" RawItemID="0" TypeHash="0" Path="" STType="" UIDType="Inner">
              <Owner TaskNumber="0" ItemID="63677" RawItemID="0" TypeHash="0" STType="" UIDType="Inner" />
            </Owner>
          </ID>
          <Parent TaskNumber="0" ItemID="63677" RawItemID="0" TypeHash="0" Path="" STType="" UIDType="Inner">
            <Owner TaskNumber="0" ItemID="63677" RawItemID="0" TypeHash="0" STType="" UIDType="Inner" />
          </Parent>
          <IsValueFromTheme>false</IsValueFromTheme>
          <HasSubTypeName>true</HasSubTypeName>
          <Exclude>false</Exclude>
          <Connections />
          <IsDynamized>false</IsDynamized>
          <ContiniuosUpdate>false</ContiniuosUpdate>
        </Parameter>
        <Parameter Name="Порядок Z" ShortName="63681" Tag="63681" Role="Z" Value="1">
          <ID TaskNumber="0" ItemID="63681" RawItemID="0" TypeHash="6" Path="" STType="DINT" UIDType="Inner">
            <Owner TaskNumber="0" ItemID="63677" RawItemID="0" TypeHash="0" Path="" STType="" UIDType="Inner">
              <Owner TaskNumber="0" ItemID="63677" RawItemID="0" TypeHash="0" STType="" UIDType="Inner" />
            </Owner>
          </ID>
          <Parent TaskNumber="0" ItemID="63677" RawItemID="0" TypeHash="0" Path="" STType="" UIDType="Inner">
            <Owner TaskNumber="0" ItemID="63677" RawItemID="0" TypeHash="0" STType="" UIDType="Inner" />
          </Parent>
          <IsValueFromTheme>false</IsValueFromTheme>
          <HasSubTypeName>true</HasSubTypeName>
          <Exclude>false</Exclude>
          <Connections />
          <IsDynamized>false</IsDynamized>
          <ContiniuosUpdate>false</ContiniuosUpdate>
        </Parameter>
        <Parameter Name="Ширина" ShortName="63679" Tag="63679" Role="Width" Value="1920">
          <ID TaskNumber="0" ItemID="63679" RawItemID="0" TypeHash="1" Path="" STType="LREAL" UIDType="Inner">
            <Owner TaskNumber="0" ItemID="63677" RawItemID="0" TypeHash="0" Path="" STType="" UIDType="Inner">
              <Owner TaskNumber="0" ItemID="63677" RawItemID="0" TypeHash="0" STType="" UIDType="Inner" />
            </Owner>
          </ID>
          <Parent TaskNumber="0" ItemID="63677" RawItemID="0" TypeHash="0" Path="" STType="" UIDType="Inner">
            <Owner TaskNumber="0" ItemID="63677" RawItemID="0" TypeHash="0" STType="" UIDType="Inner" />
          </Parent>
          <IsValueFromTheme>false</IsValueFromTheme>
          <HasSubTypeName>true</HasSubTypeName>
          <Exclude>false</Exclude>
          <Connections />
          <IsDynamized>false</IsDynamized>
          <ContiniuosUpdate>false</ContiniuosUpdate>
        </Parameter>
        <Parameter Name="Высота" ShortName="63680" Tag="63680" Role="Height" Value="1080">
          <ID TaskNumber="0" ItemID="63680" RawItemID="0" TypeHash="1" Path="" STType="LREAL" UIDType="Inner">
            <Owner TaskNumber="0" ItemID="63677" RawItemID="0" TypeHash="0" Path="" STType="" UIDType="Inner">
              <Owner TaskNumber="0" ItemID="63677" RawItemID="0" TypeHash="0" STType="" UIDType="Inner" />
            </Owner>
          </ID>
          <Parent TaskNumber="0" ItemID="63677" RawItemID="0" TypeHash="0" Path="" STType="" UIDType="Inner">
            <Owner TaskNumber="0" ItemID="63677" RawItemID="0" TypeHash="0" STType="" UIDType="Inner" />
          </Parent>
          <IsValueFromTheme>false</IsValueFromTheme>
          <HasSubTypeName>true</HasSubTypeName>
          <Exclude>false</Exclude>
          <Connections />
          <IsDynamized>false</IsDynamized>
          <ContiniuosUpdate>false</ContiniuosUpdate>
        </Parameter>
        <Parameter Name="Клавиатурный индекс" ShortName="63684" Tag="63684" Role="TabIndex" Value="1">
          <ID TaskNumber="0" ItemID="63684" RawItemID="0" TypeHash="6" Path="" STType="DINT" UIDType="Inner">
            <Owner TaskNumber="0" ItemID="63677" RawItemID="0" TypeHash="0" Path="" STType="" UIDType="Inner">
              <Owner TaskNumber="0" ItemID="63677" RawItemID="0" TypeHash="0" STType="" UIDType="Inner" />
            </Owner>
          </ID>
          <Parent TaskNumber="0" ItemID="63677" RawItemID="0" TypeHash="0" Path="" STType="" UIDType="Inner">
            <Owner TaskNumber="0" ItemID="63677" RawItemID="0" TypeHash="0" STType="" UIDType="Inner" />
          </Parent>
          <IsValueFromTheme>false</IsValueFromTheme>
          <HasSubTypeName>true</HasSubTypeName>
          <Exclude>false</Exclude>
          <Connections />
          <IsDynamized>false</IsDynamized>
          <ContiniuosUpdate>false</ContiniuosUpdate>
        </Parameter>
        <Parameter Name="Изображение фона" ShortName="63685" Tag="63685" Role="Resource" Value="">
          <ID TaskNumber="0" ItemID="63685" RawItemID="0" TypeHash="4" Path="" STType="HMI.ResourceType" UIDType="Inner">
            <Owner TaskNumber="0" ItemID="63677" RawItemID="0" TypeHash="0" Path="" STType="" UIDType="Inner">
              <Owner TaskNumber="0" ItemID="63677" RawItemID="0" TypeHash="0" STType="" UIDType="Inner" />
            </Owner>
          </ID>
          <Parent TaskNumber="0" ItemID="63677" RawItemID="0" TypeHash="0" Path="" STType="" UIDType="Inner">
            <Owner TaskNumber="0" ItemID="63677" RawItemID="0" TypeHash="0" STType="" UIDType="Inner" />
          </Parent>
          <IsValueFromTheme>false</IsValueFromTheme>
          <HasSubTypeName>true</HasSubTypeName>
          <Exclude>false</Exclude>
          <Connections />
          <IsDynamized>false</IsDynamized>
          <ContiniuosUpdate>false</ContiniuosUpdate>
        </Parameter>
        <Parameter Name="Координата X" ShortName="63682" Tag="63682" Role="X" Value="0">
          <ID TaskNumber="0" ItemID="63682" RawItemID="0" TypeHash="1" Path="" STType="LREAL" UIDType="Inner">
            <Owner TaskNumber="0" ItemID="63677" RawItemID="0" TypeHash="0" Path="" STType="" UIDType="Inner">
              <Owner TaskNumber="0" ItemID="63677" RawItemID="0" TypeHash="0" STType="" UIDType="Inner" />
            </Owner>
          </ID>
          <Parent TaskNumber="0" ItemID="63677" RawItemID="0" TypeHash="0" Path="" STType="" UIDType="Inner">
            <Owner TaskNumber="0" ItemID="63677" RawItemID="0" TypeHash="0" STType="" UIDType="Inner" />
          </Parent>
          <IsValueFromTheme>false</IsValueFromTheme>
          <HasSubTypeName>true</HasSubTypeName>
          <Exclude>false</Exclude>
          <Connections />
          <IsDynamized>false</IsDynamized>
          <ContiniuosUpdate>false</ContiniuosUpdate>
        </Parameter>
        <Parameter Name="Координата Y" ShortName="63683" Tag="63683" Role="Y" Value="0">
          <ID TaskNumber="0" ItemID="63683" RawItemID="0" TypeHash="1" Path="" STType="LREAL" UIDType="Inner">
            <Owner TaskNumber="0" ItemID="63677" RawItemID="0" TypeHash="0" Path="" STType="" UIDType="Inner">
              <Owner TaskNumber="0" ItemID="63677" RawItemID="0" TypeHash="0" STType="" UIDType="Inner" />
            </Owner>
          </ID>
          <Parent TaskNumber="0" ItemID="63677" RawItemID="0" TypeHash="0" Path="" STType="" UIDType="Inner">
            <Owner TaskNumber="0" ItemID="63677" RawItemID="0" TypeHash="0" STType="" UIDType="Inner" />
          </Parent>
          <IsValueFromTheme>false</IsValueFromTheme>
          <HasSubTypeName>true</HasSubTypeName>
          <Exclude>false</Exclude>
          <Connections />
          <IsDynamized>false</IsDynamized>
          <ContiniuosUpdate>false</ContiniuosUpdate>
        </Parameter>
        <Parameter Name="Перья" ShortName="63690" Tag="63690" Role="PensData" Value="">
          <ID TaskNumber="0" ItemID="63690" RawItemID="0" TypeHash="0" Path="" STType="HMI.TrendPens" UIDType="Inner">
            <Owner TaskNumber="0" ItemID="63677" RawItemID="0" TypeHash="0" Path="" STType="" UIDType="Inner">
              <Owner TaskNumber="0" ItemID="63677" RawItemID="0" TypeHash="0" STType="" UIDType="Inner" />
            </Owner>
          </ID>
          <Parent TaskNumber="0" ItemID="63677" RawItemID="0" TypeHash="0" Path="" STType="" UIDType="Inner">
            <Owner TaskNumber="0" ItemID="63677" RawItemID="0" TypeHash="0" STType="" UIDType="Inner" />
          </Parent>
          <IsValueFromTheme>false</IsValueFromTheme>
          <HasSubTypeName>true</HasSubTypeName>
          <Exclude>false</Exclude>
          <ChildValues>
            <Parameter Name="Уровень" ShortName="63691" Tag="63691" Role="Urovenj" Value="">
              <ID TaskNumber="0" ItemID="63691" RawItemID="0" TypeHash="0" Path="PensData[0]" STType="HMI.TrendPen" UIDType="Inner">
                <Owner TaskNumber="0" ItemID="63677" RawItemID="0" TypeHash="0" Path="" STType="" UIDType="Inner">
                  <Owner TaskNumber="0" ItemID="63677" RawItemID="0" TypeHash="0" STType="" UIDType="Inner" />
                </Owner>
              </ID>
              <Parent TaskNumber="0" ItemID="63690" RawItemID="0" TypeHash="0" Path="" STType="HMI.TrendPens" UIDType="Inner">
                <Owner TaskNumber="0" ItemID="63677" RawItemID="0" TypeHash="0" Path="" STType="" UIDType="Inner">
                  <Owner TaskNumber="0" ItemID="63677" RawItemID="0" TypeHash="0" STType="" UIDType="Inner" />
                </Owner>
              </Parent>
              <IsValueFromTheme>false</IsValueFromTheme>
              <HasSubTypeName>false</HasSubTypeName>
              <Exclude>false</Exclude>
              <ChildValues>
                <Parameter Name="MinY" ShortName="63692" Tag="63692" Role="MinY" Value="0">
                  <ID TaskNumber="0" ItemID="63692" RawItemID="0" TypeHash="1" Path="PensData[0].MinY" STType="LREAL" UIDType="Inner">
                    <Owner TaskNumber="0" ItemID="63677" RawItemID="0" TypeHash="0" Path="" STType="" UIDType="Inner">
                      <Owner TaskNumber="0" ItemID="63677" RawItemID="0" TypeHash="0" STType="" UIDType="Inner" />
                    </Owner>
                  </ID>
                  <Parent TaskNumber="0" ItemID="63691" RawItemID="0" TypeHash="0" Path="PensData[0]" STType="HMI.TrendPen" UIDType="Inner">
                    <Owner TaskNumber="0" ItemID="63677" RawItemID="0" TypeHash="0" Path="" STType="" UIDType="Inner">
                      <Owner TaskNumber="0" ItemID="63677" RawItemID="0" TypeHash="0" STType="" UIDType="Inner" />
                    </Owner>
                  </Parent>
                  <IsValueFromTheme>false</IsValueFromTheme>
                  <HasSubTypeName>true</HasSubTypeName>
                  <Exclude>false</Exclude>
                  <Connections />
                  <IsDynamized>false</IsDynamized>
                  <ContiniuosUpdate>false</ContiniuosUpdate>
                </Parameter>
                <Parameter Name="MaxY" ShortName="63693" Tag="63693" Role="MaxY" Value="100">
                  <ID TaskNumber="0" ItemID="63693" RawItemID="0" TypeHash="1" Path="PensData[0].MaxY" STType="LREAL" UIDType="Inner">
                    <Owner TaskNumber="0" ItemID="63677" RawItemID="0" TypeHash="0" Path="" STType="" UIDType="Inner">
                      <Owner TaskNumber="0" ItemID="63677" RawItemID="0" TypeHash="0" STType="" UIDType="Inner" />
                    </Owner>
                  </ID>
                  <Parent TaskNumber="0" ItemID="63691" RawItemID="0" TypeHash="0" Path="PensData[0]" STType="HMI.TrendPen" UIDType="Inner">
                    <Owner TaskNumber="0" ItemID="63677" RawItemID="0" TypeHash="0" Path="" STType="" UIDType="Inner">
                      <Owner TaskNumber="0" ItemID="63677" RawItemID="0" TypeHash="0" STType="" UIDType="Inner" />
                    </Owner>
                  </Parent>
                  <IsValueFromTheme>false</IsValueFromTheme>
                  <HasSubTypeName>true</HasSubTypeName>
                  <Exclude>false</Exclude>
                  <Connections />
                  <IsDynamized>false</IsDynamized>
                  <ContiniuosUpdate>false</ContiniuosUpdate>
                </Parameter>
                <Parameter Name="Подпись Y " ShortName="63694" Tag="63694" Role="YAxisLabel" Value="">
                  <ID TaskNumber="0" ItemID="63694" RawItemID="0" TypeHash="4" Path="PensData[0].Podpisj_Y_" STType="STRING" UIDType="Inner">
                    <Owner TaskNumber="0" ItemID="63677" RawItemID="0" TypeHash="0" Path="" STType="" UIDType="Inner">
                      <Owner TaskNumber="0" ItemID="63677" RawItemID="0" TypeHash="0" STType="" UIDType="Inner" />
                    </Owner>
                  </ID>
                  <Parent TaskNumber="0" ItemID="63691" RawItemID="0" TypeHash="0" Path="PensData[0]" STType="HMI.TrendPen" UIDType="Inner">
                    <Owner TaskNumber="0" ItemID="63677" RawItemID="0" TypeHash="0" Path="" STType="" UIDType="Inner">
                      <Owner TaskNumber="0" ItemID="63677" RawItemID="0" TypeHash="0" STType="" UIDType="Inner" />
                    </Owner>
                  </Parent>
                  <IsValueFromTheme>false</IsValueFromTheme>
                  <HasSubTypeName>true</HasSubTypeName>
                  <Exclude>false</Exclude>
                  <Connections />
                  <IsDynamized>false</IsDynamized>
                  <ContiniuosUpdate>false</ContiniuosUpdate>
                </Parameter>
                <Parameter Name="Цвет пера" ShortName="63695" Tag="63695" Role="Color" Value="rgb(0,0,0)">
                  <ID TaskNumber="0" ItemID="63695" RawItemID="0" TypeHash="4" Path="PensData[0].Cvet_pera" STType="HMI.SolidColorType" UIDType="Inner">
                    <Owner TaskNumber="0" ItemID="63677" RawItemID="0" TypeHash="0" Path="" STType="" UIDType="Inner">
                      <Owner TaskNumber="0" ItemID="63677" RawItemID="0" TypeHash="0" STType="" UIDType="Inner" />
                    </Owner>
                  </ID>
                  <Parent TaskNumber="0" ItemID="63691" RawItemID="0" TypeHash="0" Path="PensData[0]" STType="HMI.TrendPen" UIDType="Inner">
                    <Owner TaskNumber="0" ItemID="63677" RawItemID="0" TypeHash="0" Path="" STType="" UIDType="Inner">
                      <Owner TaskNumber="0" ItemID="63677" RawItemID="0" TypeHash="0" STType="" UIDType="Inner" />
                    </Owner>
                  </Parent>
                  <IsValueFromTheme>false</IsValueFromTheme>
                  <HasSubTypeName>true</HasSubTypeName>
                  <Exclude>false</Exclude>
                  <Connections />
                  <IsDynamized>false</IsDynamized>
                  <ContiniuosUpdate>false</ContiniuosUpdate>
                </Parameter>
                <Parameter Name="Стиль линии" ShortName="63696" Tag="63696" Role="LineStyle" Value="0">
                  <ID TaskNumber="0" ItemID="63696" RawItemID="0" TypeHash="5" Path="PensData[0].Stilj_linii" STType="HMI.BorderStyleType" UIDType="Inner">
                    <Owner TaskNumber="0" ItemID="63677" RawItemID="0" TypeHash="0" Path="" STType="" UIDType="Inner">
                      <Owner TaskNumber="0" ItemID="63677" RawItemID="0" TypeHash="0" STType="" UIDType="Inner" />
                    </Owner>
                  </ID>
                  <Parent TaskNumber="0" ItemID="63691" RawItemID="0" TypeHash="0" Path="PensData[0]" STType="HMI.TrendPen" UIDType="Inner">
                    <Owner TaskNumber="0" ItemID="63677" RawItemID="0" TypeHash="0" Path="" STType="" UIDType="Inner">
                      <Owner TaskNumber="0" ItemID="63677" RawItemID="0" TypeHash="0" STType="" UIDType="Inner" />
                    </Owner>
                  </Parent>
                  <IsValueFromTheme>false</IsValueFromTheme>
                  <HasSubTypeName>true</HasSubTypeName>
                  <Exclude>false</Exclude>
                  <Connections />
                  <IsDynamized>false</IsDynamized>
                  <ContiniuosUpdate>false</ContiniuosUpdate>
                </Parameter>
                <Parameter Name="Значение" ShortName="63697" Tag="63697" Role="DataSource" Value="0">
                  <ID TaskNumber="0" ItemID="63697" RawItemID="0" TypeHash="7" Path="PensData[0].Znachenie" STType="REF_TO" UIDType="Inner">
                    <Owner TaskNumber="0" ItemID="63677" RawItemID="0" TypeHash="0" Path="" STType="" UIDType="Inner">
                      <Owner TaskNumber="0" ItemID="63677" RawItemID="0" TypeHash="0" STType="" UIDType="Inner" />
                    </Owner>
                  </ID>
                  <Parent TaskNumber="0" ItemID="63691" RawItemID="0" TypeHash="0" Path="PensData[0]" STType="HMI.TrendPen" UIDType="Inner">
                    <Owner TaskNumber="0" ItemID="63677" RawItemID="0" TypeHash="0" Path="" STType="" UIDType="Inner">
                      <Owner TaskNumber="0" ItemID="63677" RawItemID="0" TypeHash="0" STType="" UIDType="Inner" />
                    </Owner>
                  </Parent>
                  <IsValueFromTheme>false</IsValueFromTheme>
                  <HasSubTypeName>true</HasSubTypeName>
                  <Exclude>false</Exclude>
                  <Connections>
                    <Connection Name="63711" ShortName="63711" Tag="63711" Direction="Backward">
                      <ID TaskNumber="0" ItemID="63711" RawItemID="0" TypeHash="0" Path="" STType="" UIDType="Inner">
                        <Owner TaskNumber="0" ItemID="63568" RawItemID="0" TypeHash="0" STType="" UIDType="Inner" />
                      </ID>
                      <Parent TaskNumber="0" ItemID="63697" RawItemID="0" TypeHash="7" Path="PensData[0].Znachenie" STType="REF_TO" UIDType="Inner">
                        <Owner TaskNumber="0" ItemID="63677" RawItemID="0" TypeHash="0" Path="" STType="" UIDType="Inner">
                          <Owner TaskNumber="0" ItemID="63677" RawItemID="0" TypeHash="0" STType="" UIDType="Inner" />
                        </Owner>
                      </Parent>
                      <Target TaskNumber="0" ItemID="60017" RawItemID="60017" TypeHash="1" Path="" STType="LREAL" UIDType="MasterPLC" />
                      <UpdateType>true</UpdateType>
                      <HasBackward>false</HasBackward>
                    </Connection>
                  </Connections>
                  <IsDynamized>false</IsDynamized>
                  <ContiniuosUpdate>false</ContiniuosUpdate>
                </Parameter>
                <Parameter Name="Единица измерения" ShortName="63698" Tag="63698" Role="Unit" Value="Л">
                  <ID TaskNumber="0" ItemID="63698" RawItemID="0" TypeHash="4" Path="PensData[0].Edinica_izmereniya" STType="STRING" UIDType="Inner">
                    <Owner TaskNumber="0" ItemID="63677" RawItemID="0" TypeHash="0" Path="" STType="" UIDType="Inner">
                      <Owner TaskNumber="0" ItemID="63677" RawItemID="0" TypeHash="0" STType="" UIDType="Inner" />
                    </Owner>
                  </ID>
                  <Parent TaskNumber="0" ItemID="63691" RawItemID="0" TypeHash="0" Path="PensData[0]" STType="HMI.TrendPen" UIDType="Inner">
                    <Owner TaskNumber="0" ItemID="63677" RawItemID="0" TypeHash="0" Path="" STType="" UIDType="Inner">
                      <Owner TaskNumber="0" ItemID="63677" RawItemID="0" TypeHash="0" STType="" UIDType="Inner" />
                    </Owner>
                  </Parent>
                  <IsValueFromTheme>false</IsValueFromTheme>
                  <HasSubTypeName>true</HasSubTypeName>
                  <Exclude>false</Exclude>
                  <Connections />
                  <IsDynamized>false</IsDynamized>
                  <ContiniuosUpdate>false</ContiniuosUpdate>
                </Parameter>
                <Parameter Name="Формат значений Y" ShortName="63699" Tag="63699" Role="YFormat" Value="f3">
                  <ID TaskNumber="0" ItemID="63699" RawItemID="0" TypeHash="4" Path="PensData[0].Format_znachenij_Y" STType="STRING" UIDType="Inner">
                    <Owner TaskNumber="0" ItemID="63677" RawItemID="0" TypeHash="0" Path="" STType="" UIDType="Inner">
                      <Owner TaskNumber="0" ItemID="63677" RawItemID="0" TypeHash="0" STType="" UIDType="Inner" />
                    </Owner>
                  </ID>
                  <Parent TaskNumber="0" ItemID="63691" RawItemID="0" TypeHash="0" Path="PensData[0]" STType="HMI.TrendPen" UIDType="Inner">
                    <Owner TaskNumber="0" ItemID="63677" RawItemID="0" TypeHash="0" Path="" STType="" UIDType="Inner">
                      <Owner TaskNumber="0" ItemID="63677" RawItemID="0" TypeHash="0" STType="" UIDType="Inner" />
                    </Owner>
                  </Parent>
                  <IsValueFromTheme>false</IsValueFromTheme>
                  <HasSubTypeName>true</HasSubTypeName>
                  <Exclude>false</Exclude>
                  <Connections />
                  <IsDynamized>false</IsDynamized>
                  <ContiniuosUpdate>false</ContiniuosUpdate>
                </Parameter>
                <Parameter Name="Количество делений Y" ShortName="63700" Tag="63700" Role="TickCountY" Value="5">
                  <ID TaskNumber="0" ItemID="63700" RawItemID="0" TypeHash="6" Path="PensData[0].Kolichestvo_delenij_Y" STType="INT" UIDType="Inner">
                    <Owner TaskNumber="0" ItemID="63677" RawItemID="0" TypeHash="0" Path="" STType="" UIDType="Inner">
                      <Owner TaskNumber="0" ItemID="63677" RawItemID="0" TypeHash="0" STType="" UIDType="Inner" />
                    </Owner>
                  </ID>
                  <Parent TaskNumber="0" ItemID="63691" RawItemID="0" TypeHash="0" Path="PensData[0]" STType="HMI.TrendPen" UIDType="Inner">
                    <Owner TaskNumber="0" ItemID="63677" RawItemID="0" TypeHash="0" Path="" STType="" UIDType="Inner">
                      <Owner TaskNumber="0" ItemID="63677" RawItemID="0" TypeHash="0" STType="" UIDType="Inner" />
                    </Owner>
                  </Parent>
                  <IsValueFromTheme>false</IsValueFromTheme>
                  <HasSubTypeName>true</HasSubTypeName>
                  <Exclude>false</Exclude>
                  <Connections />
                  <IsDynamized>false</IsDynamized>
                  <ContiniuosUpdate>false</ContiniuosUpdate>
                </Parameter>
                <Parameter Name="Толщина линии" ShortName="63701" Tag="63701" Role="Thickness" Value="1">
                  <ID TaskNumber="0" ItemID="63701" RawItemID="0" TypeHash="1" Path="PensData[0].Tolschina_linii" STType="LREAL" UIDType="Inner">
                    <Owner TaskNumber="0" ItemID="63677" RawItemID="0" TypeHash="0" Path="" STType="" UIDType="Inner">
                      <Owner TaskNumber="0" ItemID="63677" RawItemID="0" TypeHash="0" STType="" UIDType="Inner" />
                    </Owner>
                  </ID>
                  <Parent TaskNumber="0" ItemID="63691" RawItemID="0" TypeHash="0" Path="PensData[0]" STType="HMI.TrendPen" UIDType="Inner">
                    <Owner TaskNumber="0" ItemID="63677" RawItemID="0" TypeHash="0" Path="" STType="" UIDType="Inner">
                      <Owner TaskNumber="0" ItemID="63677" RawItemID="0" TypeHash="0" STType="" UIDType="Inner" />
                    </Owner>
                  </Parent>
                  <IsValueFromTheme>false</IsValueFromTheme>
                  <HasSubTypeName>true</HasSubTypeName>
                  <Exclude>false</Exclude>
                  <Connections />
                  <IsDynamized>false</IsDynamized>
                  <ContiniuosUpdate>false</ContiniuosUpdate>
                </Parameter>
                <Parameter Name="Дорисовка констант" ShortName="63702" Tag="63702" Role="DrawConstant" Value="True">
                  <ID TaskNumber="0" ItemID="63702" RawItemID="0" TypeHash="3" Path="PensData[0].Dorisovka_konstant" STType="BOOL" UIDType="Inner">
                    <Owner TaskNumber="0" ItemID="63677" RawItemID="0" TypeHash="0" Path="" STType="" UIDType="Inner">
                      <Owner TaskNumber="0" ItemID="63677" RawItemID="0" TypeHash="0" STType="" UIDType="Inner" />
                    </Owner>
                  </ID>
                  <Parent TaskNumber="0" ItemID="63691" RawItemID="0" TypeHash="0" Path="PensData[0]" STType="HMI.TrendPen" UIDType="Inner">
                    <Owner TaskNumber="0" ItemID="63677" RawItemID="0" TypeHash="0" Path="" STType="" UIDType="Inner">
                      <Owner TaskNumber="0" ItemID="63677" RawItemID="0" TypeHash="0" STType="" UIDType="Inner" />
                    </Owner>
                  </Parent>
                  <IsValueFromTheme>false</IsValueFromTheme>
                  <HasSubTypeName>true</HasSubTypeName>
                  <Exclude>false</Exclude>
                  <Connections />
                  <IsDynamized>false</IsDynamized>
                  <ContiniuosUpdate>false</ContiniuosUpdate>
                </Parameter>
                <Parameter Name="Видимость" ShortName="63703" Tag="63703" Role="IsVisible" Value="True">
                  <ID TaskNumber="0" ItemID="63703" RawItemID="0" TypeHash="3" Path="PensData[0].Vidimostj" STType="BOOL" UIDType="Inner">
                    <Owner TaskNumber="0" ItemID="63677" RawItemID="0" TypeHash="0" Path="" STType="" UIDType="Inner">
                      <Owner TaskNumber="0" ItemID="63677" RawItemID="0" TypeHash="0" STType="" UIDType="Inner" />
                    </Owner>
                  </ID>
                  <Parent TaskNumber="0" ItemID="63691" RawItemID="0" TypeHash="0" Path="PensData[0]" STType="HMI.TrendPen" UIDType="Inner">
                    <Owner TaskNumber="0" ItemID="63677" RawItemID="0" TypeHash="0" Path="" STType="" UIDType="Inner">
                      <Owner TaskNumber="0" ItemID="63677" RawItemID="0" TypeHash="0" STType="" UIDType="Inner" />
                    </Owner>
                  </Parent>
                  <IsValueFromTheme>false</IsValueFromTheme>
                  <HasSubTypeName>true</HasSubTypeName>
                  <Exclude>false</Exclude>
                  <Connections />
                  <IsDynamized>false</IsDynamized>
                  <ContiniuosUpdate>false</ContiniuosUpdate>
                </Parameter>
                <Parameter Name="Тип графика" ShortName="63704" Tag="63704" Role="LineJoin" Value="0">
                  <ID TaskNumber="0" ItemID="63704" RawItemID="0" TypeHash="5" Path="PensData[0].Tip_grafika" STType="HMI.LineJoin" UIDType="Inner">
                    <Owner TaskNumber="0" ItemID="63677" RawItemID="0" TypeHash="0" Path="" STType="" UIDType="Inner">
                      <Owner TaskNumber="0" ItemID="63677" RawItemID="0" TypeHash="0" STType="" UIDType="Inner" />
                    </Owner>
                  </ID>
                  <Parent TaskNumber="0" ItemID="63691" RawItemID="0" TypeHash="0" Path="PensData[0]" STType="HMI.TrendPen" UIDType="Inner">
                    <Owner TaskNumber="0" ItemID="63677" RawItemID="0" TypeHash="0" Path="" STType="" UIDType="Inner">
                      <Owner TaskNumber="0" ItemID="63677" RawItemID="0" TypeHash="0" STType="" UIDType="Inner" />
                    </Owner>
                  </Parent>
                  <IsValueFromTheme>false</IsValueFromTheme>
                  <HasSubTypeName>true</HasSubTypeName>
                  <Exclude>false</Exclude>
                  <Connections />
                  <IsDynamized>false</IsDynamized>
                  <ContiniuosUpdate>false</ContiniuosUpdate>
                </Parameter>
                <Parameter Name="Автомасштабирование" ShortName="63705" Tag="63705" Role="Autoscale" Value="False">
                  <ID TaskNumber="0" ItemID="63705" RawItemID="0" TypeHash="3" Path="PensData[0].Avtomasshtabirovanie" STType="BOOL" UIDType="Inner">
                    <Owner TaskNumber="0" ItemID="63677" RawItemID="0" TypeHash="0" Path="" STType="" UIDType="Inner">
                      <Owner TaskNumber="0" ItemID="63677" RawItemID="0" TypeHash="0" STType="" UIDType="Inner" />
                    </Owner>
                  </ID>
                  <Parent TaskNumber="0" ItemID="63691" RawItemID="0" TypeHash="0" Path="PensData[0]" STType="HMI.TrendPen" UIDType="Inner">
                    <Owner TaskNumber="0" ItemID="63677" RawItemID="0" TypeHash="0" Path="" STType="" UIDType="Inner">
                      <Owner TaskNumber="0" ItemID="63677" RawItemID="0" TypeHash="0" STType="" UIDType="Inner" />
                    </Owner>
                  </Parent>
                  <IsValueFromTheme>false</IsValueFromTheme>
                  <HasSubTypeName>true</HasSubTypeName>
                  <Exclude>false</Exclude>
                  <Connections />
                  <IsDynamized>false</IsDynamized>
                  <ContiniuosUpdate>false</ContiniuosUpdate>
                </Parameter>
                <Parameter Name="Тип точек" ShortName="63706" Tag="63706" Role="PointType" Value="0">
                  <ID TaskNumber="0" ItemID="63706" RawItemID="0" TypeHash="5" Path="PensData[0].Tip_tochek" STType="HMI.PenPointType" UIDType="Inner">
                    <Owner TaskNumber="0" ItemID="63677" RawItemID="0" TypeHash="0" Path="" STType="" UIDType="Inner">
                      <Owner TaskNumber="0" ItemID="63677" RawItemID="0" TypeHash="0" STType="" UIDType="Inner" />
                    </Owner>
                  </ID>
                  <Parent TaskNumber="0" ItemID="63691" RawItemID="0" TypeHash="0" Path="PensData[0]" STType="HMI.TrendPen" UIDType="Inner">
                    <Owner TaskNumber="0" ItemID="63677" RawItemID="0" TypeHash="0" Path="" STType="" UIDType="Inner">
                      <Owner TaskNumber="0" ItemID="63677" RawItemID="0" TypeHash="0" STType="" UIDType="Inner" />
                    </Owner>
                  </Parent>
                  <IsValueFromTheme>false</IsValueFromTheme>
                  <HasSubTypeName>true</HasSubTypeName>
                  <Exclude>false</Exclude>
                  <Connections />
                  <IsDynamized>false</IsDynamized>
                  <ContiniuosUpdate>false</ContiniuosUpdate>
                </Parameter>
                <Parameter Name="Размер точек" ShortName="63707" Tag="63707" Role="PointSize" Value="0">
                  <ID TaskNumber="0" ItemID="63707" RawItemID="0" TypeHash="1" Path="PensData[0].Razmer_tochek" STType="LREAL" UIDType="Inner">
                    <Owner TaskNumber="0" ItemID="63677" RawItemID="0" TypeHash="0" Path="" STType="" UIDType="Inner">
                      <Owner TaskNumber="0" ItemID="63677" RawItemID="0" TypeHash="0" STType="" UIDType="Inner" />
                    </Owner>
                  </ID>
                  <Parent TaskNumber="0" ItemID="63691" RawItemID="0" TypeHash="0" Path="PensData[0]" STType="HMI.TrendPen" UIDType="Inner">
                    <Owner TaskNumber="0" ItemID="63677" RawItemID="0" TypeHash="0" Path="" STType="" UIDType="Inner">
                      <Owner TaskNumber="0" ItemID="63677" RawItemID="0" TypeHash="0" STType="" UIDType="Inner" />
                    </Owner>
                  </Parent>
                  <IsValueFromTheme>false</IsValueFromTheme>
                  <HasSubTypeName>true</HasSubTypeName>
                  <Exclude>false</Exclude>
                  <Connections />
                  <IsDynamized>false</IsDynamized>
                  <ContiniuosUpdate>false</ContiniuosUpdate>
                </Parameter>
                <Parameter Name="Отображать ось значений" ShortName="63708" Tag="63708" Role="ShowAxis" Value="True">
                  <ID TaskNumber="0" ItemID="63708" RawItemID="0" TypeHash="3" Path="PensData[0].Otobrazhatj_osj_znachenij" STType="BOOL" UIDType="Inner">
                    <Owner TaskNumber="0" ItemID="63677" RawItemID="0" TypeHash="0" Path="" STType="" UIDType="Inner">
                      <Owner TaskNumber="0" ItemID="63677" RawItemID="0" TypeHash="0" STType="" UIDType="Inner" />
                    </Owner>
                  </ID>
                  <Parent TaskNumber="0" ItemID="63691" RawItemID="0" TypeHash="0" Path="PensData[0]" STType="HMI.TrendPen" UIDType="Inner">
                    <Owner TaskNumber="0" ItemID="63677" RawItemID="0" TypeHash="0" Path="" STType="" UIDType="Inner">
                      <Owner TaskNumber="0" ItemID="63677" RawItemID="0" TypeHash="0" STType="" UIDType="Inner" />
                    </Owner>
                  </Parent>
                  <IsValueFromTheme>false</IsValueFromTheme>
                  <HasSubTypeName>true</HasSubTypeName>
                  <Exclude>false</Exclude>
                  <Connections />
                  <IsDynamized>false</IsDynamized>
                  <ContiniuosUpdate>false</ContiniuosUpdate>
                </Parameter>
                <Parameter Name="Главное перо в группе" ShortName="63709" Tag="63709" Role="MainPenGroup" Value="False">
                  <ID TaskNumber="0" ItemID="63709" RawItemID="0" TypeHash="3" Path="PensData[0].Glavnoe_pero_v_gruppe" STType="BOOL" UIDType="Inner">
                    <Owner TaskNumber="0" ItemID="63677" RawItemID="0" TypeHash="0" Path="" STType="" UIDType="Inner">
                      <Owner TaskNumber="0" ItemID="63677" RawItemID="0" TypeHash="0" STType="" UIDType="Inner" />
                    </Owner>
                  </ID>
                  <Parent TaskNumber="0" ItemID="63691" RawItemID="0" TypeHash="0" Path="PensData[0]" STType="HMI.TrendPen" UIDType="Inner">
                    <Owner TaskNumber="0" ItemID="63677" RawItemID="0" TypeHash="0" Path="" STType="" UIDType="Inner">
                      <Owner TaskNumber="0" ItemID="63677" RawItemID="0" TypeHash="0" STType="" UIDType="Inner" />
                    </Owner>
                  </Parent>
                  <IsValueFromTheme>false</IsValueFromTheme>
                  <HasSubTypeName>true</HasSubTypeName>
                  <Exclude>false</Exclude>
                  <Connections />
                  <IsDynamized>false</IsDynamized>
                  <ContiniuosUpdate>false</ContiniuosUpdate>
                </Parameter>
                <Parameter Name="Название группы" ShortName="63710" Tag="63710" Role="GroupName" Value="">
                  <ID TaskNumber="0" ItemID="63710" RawItemID="0" TypeHash="4" Path="PensData[0].Nazvanie_gruppi" STType="STRING" UIDType="Inner">
                    <Owner TaskNumber="0" ItemID="63677" RawItemID="0" TypeHash="0" Path="" STType="" UIDType="Inner">
                      <Owner TaskNumber="0" ItemID="63677" RawItemID="0" TypeHash="0" STType="" UIDType="Inner" />
                    </Owner>
                  </ID>
                  <Parent TaskNumber="0" ItemID="63691" RawItemID="0" TypeHash="0" Path="PensData[0]" STType="HMI.TrendPen" UIDType="Inner">
                    <Owner TaskNumber="0" ItemID="63677" RawItemID="0" TypeHash="0" Path="" STType="" UIDType="Inner">
                      <Owner TaskNumber="0" ItemID="63677" RawItemID="0" TypeHash="0" STType="" UIDType="Inner" />
                    </Owner>
                  </Parent>
                  <IsValueFromTheme>false</IsValueFromTheme>
                  <HasSubTypeName>true</HasSubTypeName>
                  <Exclude>false</Exclude>
                  <Connections />
                  <IsDynamized>false</IsDynamized>
                  <ContiniuosUpdate>false</ContiniuosUpdate>
                </Parameter>
              </ChildValues>
              <Connections />
              <IsDynamized>false</IsDynamized>
              <ContiniuosUpdate>false</ContiniuosUpdate>
            </Parameter>
          </ChildValues>
          <Connections />
          <IsDynamized>false</IsDynamized>
          <ContiniuosUpdate>false</ContiniuosUpdate>
        </Parameter>
        <Parameter Name="Тип графика по умолчанию" ShortName="63712" Tag="63712" Role="LineJoinDefault" Value="0">
          <ID TaskNumber="0" ItemID="63712" RawItemID="0" TypeHash="5" Path="" STType="HMI.LineJoin" UIDType="Inner">
            <Owner TaskNumber="0" ItemID="63677" RawItemID="0" TypeHash="0" Path="" STType="" UIDType="Inner">
              <Owner TaskNumber="0" ItemID="63677" RawItemID="0" TypeHash="0" STType="" UIDType="Inner" />
            </Owner>
          </ID>
          <Parent TaskNumber="0" ItemID="63677" RawItemID="0" TypeHash="0" Path="" STType="" UIDType="Inner">
            <Owner TaskNumber="0" ItemID="63677" RawItemID="0" TypeHash="0" STType="" UIDType="Inner" />
          </Parent>
          <IsValueFromTheme>false</IsValueFromTheme>
          <HasSubTypeName>true</HasSubTypeName>
          <Exclude>false</Exclude>
          <Connections />
          <IsDynamized>false</IsDynamized>
          <ContiniuosUpdate>false</ContiniuosUpdate>
        </Parameter>
        <Parameter Name="XType" ShortName="XType" Tag="0" Role="XType" Value="1">
          <ID TaskNumber="0" ItemID="4294967244" RawItemID="0" TypeHash="5" Path="" STType="HMI.SizeType" UIDType="Inner" />
          <Parent TaskNumber="0" ItemID="63568" RawItemID="0" TypeHash="0" Path="" STType="" UIDType="Inner">
            <Owner TaskNumber="0" ItemID="63568" RawItemID="0" TypeHash="0" STType="" UIDType="Inner" />
          </Parent>
          <IsValueFromTheme>false</IsValueFromTheme>
          <HasSubTypeName>true</HasSubTypeName>
          <Exclude>false</Exclude>
          <IsDynamized>false</IsDynamized>
          <ContiniuosUpdate>false</ContiniuosUpdate>
        </Parameter>
        <Parameter Name="YType" ShortName="YType" Tag="0" Role="YType" Value="1">
          <ID TaskNumber="0" ItemID="4294967243" RawItemID="0" TypeHash="5" Path="" STType="HMI.SizeType" UIDType="Inner" />
          <Parent TaskNumber="0" ItemID="63568" RawItemID="0" TypeHash="0" Path="" STType="" UIDType="Inner">
            <Owner TaskNumber="0" ItemID="63568" RawItemID="0" TypeHash="0" STType="" UIDType="Inner" />
          </Parent>
          <IsValueFromTheme>false</IsValueFromTheme>
          <HasSubTypeName>true</HasSubTypeName>
          <Exclude>false</Exclude>
          <IsDynamized>false</IsDynamized>
          <ContiniuosUpdate>false</ContiniuosUpdate>
        </Parameter>
        <Parameter Name="WidthType" ShortName="WidthType" Tag="0" Role="WidthType" Value="1">
          <ID TaskNumber="0" ItemID="4294967242" RawItemID="0" TypeHash="5" Path="" STType="HMI.SizeType" UIDType="Inner" />
          <Parent TaskNumber="0" ItemID="63568" RawItemID="0" TypeHash="0" Path="" STType="" UIDType="Inner">
            <Owner TaskNumber="0" ItemID="63568" RawItemID="0" TypeHash="0" STType="" UIDType="Inner" />
          </Parent>
          <IsValueFromTheme>false</IsValueFromTheme>
          <HasSubTypeName>true</HasSubTypeName>
          <Exclude>false</Exclude>
          <IsDynamized>false</IsDynamized>
          <ContiniuosUpdate>false</ContiniuosUpdate>
        </Parameter>
        <Parameter Name="HeightType" ShortName="HeightType" Tag="0" Role="HeightType" Value="1">
          <ID TaskNumber="0" ItemID="4294967241" RawItemID="0" TypeHash="5" Path="" STType="HMI.SizeType" UIDType="Inner" />
          <Parent TaskNumber="0" ItemID="63568" RawItemID="0" TypeHash="0" Path="" STType="" UIDType="Inner">
            <Owner TaskNumber="0" ItemID="63568" RawItemID="0" TypeHash="0" STType="" UIDType="Inner" />
          </Parent>
          <IsValueFromTheme>false</IsValueFromTheme>
          <HasSubTypeName>true</HasSubTypeName>
          <Exclude>false</Exclude>
          <IsDynamized>false</IsDynamized>
          <ContiniuosUpdate>false</ContiniuosUpdate>
        </Parameter>
      </Parameters>
      <ObjectId>0</ObjectId>
      <ServerTaskId>-1</ServerTaskId>
      <ServerTaskItemId>0</ServerTaskItemId>
      <InObjectInstance>false</InObjectInstance>
      <HasConnections>false</HasConnections>
    </Element>
  </Elements>
  <ObjectId>0</ObjectId>
  <ServerTaskId>-1</ServerTaskId>
  <ServerTaskItemId>0</ServerTaskItemId>
  <InObjectInstance>false</InObjectInstance>
  <Role>Window</Role>
  <HasConnections>false</HasConnections>
</Element>